1:00,"Los Angeles Lakers - Boston Celtics
 ",83:79,1.34,3.39,5
1:00,"Los Angeles Lakers - Boston Celtics
 ",89:67,1.38,3.14,5
0:00,"Boston Celtics - Los Angeles Lakers
 ",92:86,1.77,2.08,5
1:00,"Boston Celtics - Los Angeles Lakers
 ",96:89,1.55,2.54,5
1:00,"Boston Celtics - Los Angeles Lakers
 ",84:91,1.69,2.23,4
0:00,"Los Angeles Lakers - Boston Celtics
 ",94:103,1.38,3.17,5
1:00,"Los Angeles Lakers - Boston Celtics
 ",102:89,1.4,3.03,6
0:30,"Phoenix Suns - Los Angeles Lakers
 ",103:111,1.8,2.02,4
0:30,"Boston Celtics - Orlando Magic
 ",96:84,1.63,2.33,5
1:00,"Los Angeles Lakers - Phoenix Suns
 ",103:101,1.24,4.23,4
0:30,"Orlando Magic - Boston Celtics
 ",113:92,1.55,2.54,4
1:00,"Phoenix Suns - Los Angeles Lakers
 ",115:106,2.08,1.76,4
0:30,"Boston Celtics - Orlando Magic
 ",92:96,1.27,3.85,5
0:30,"Phoenix Suns - Los Angeles Lakers
 ",118:109,1.83,1.99,5
0:30,"Boston Celtics - Orlando Magic
 ",94:71,1.6,2.41,5
1:00,"Los Angeles Lakers - Phoenix Suns
 ",124:112,1.27,3.86,4
0:30,"Orlando Magic - Boston Celtics
 ",92:95,1.31,3.6,4
1:00,"Los Angeles Lakers - Phoenix Suns
 ",128:107,1.32,3.53,5
19:30,"Orlando Magic - Boston Celtics
 ",88:92,1.31,3.58,5
0:00,"Boston Celtics - Cleveland Cavaliers
 ",94:85,1.79,2.05,4
0:00,"Cleveland Cavaliers - Boston Celtics
 ",88:120,1.27,3.94,4
2:30,"Utah Jazz - Los Angeles Lakers
 ",96:111,1.59,2.41,5
0:00,"Atlanta Hawks - Orlando Magic
 ",84:98,3.47,1.32,5
0:00,"San Antonio Spurs - Phoenix Suns
 ",101:107,1.53,2.58,5
19:30,"Boston Celtics - Cleveland Cavaliers
 ",97:87,2.04,1.79,4
0:00,"Utah Jazz - Los Angeles Lakers
 ",110:111,1.51,2.64,5
21:00,"Atlanta Hawks - Orlando Magic
 ",75:105,2.24,1.68,5
1:30,"San Antonio Spurs - Phoenix Suns
 ",96:110,1.28,3.77,5
23:00,"Boston Celtics - Cleveland Cavaliers
 ",95:124,1.84,1.98,4
0:00,"Orlando Magic - Atlanta Hawks
 ",112:98,1.13,6.03,5
1:00,"Phoenix Suns - San Antonio Spurs
 ",110:102,1.63,2.33,5
2:30,"Los Angeles Lakers - Utah Jazz
 ",111:103,1.34,3.35,5
0:00,"Orlando Magic - Atlanta Hawks
 ",114:71,1.16,5.56,5
2:30,"Phoenix Suns - San Antonio Spurs
 ",111:102,1.51,2.63,5
0:00,"Cleveland Cavaliers - Boston Celtics
 ",86:104,1.31,3.54,4
19:30,"Los Angeles Lakers - Utah Jazz
 ",104:99,1.24,4.12,5
17:00,"Atlanta Hawks - Milwaukee Bucks
 ",95:74,1.14,5.8,5
0:00,"Cleveland Cavaliers - Boston Celtics
 ",101:93,1.26,3.99,4
2:00,"Utah Jazz - Denver Nuggets
 ",112:104,1.35,3.32,5
1:30,"Oklahoma City Thunder - Los Angeles Lakers
 ",94:95,1.94,1.89,5
23:00,"Milwaukee Bucks - Atlanta Hawks
 ",69:83,2.04,1.8,5
2:30,"Portland Trail Blazers - Phoenix Suns
 ",90:99,1.82,2,5
0:00,"San Antonio Spurs - Dallas Mavericks
 ",97:87,1.5,2.64,5
2:30,"Denver Nuggets - Utah Jazz
 ",116:102,1.27,3.92,5
0:00,"Atlanta Hawks - Milwaukee Bucks
 ",87:91,1.14,5.61,5
2:30,"Los Angeles Lakers - Oklahoma City Thunder
 ",111:87,1.3,3.72,5
1:30,"Dallas Mavericks - San Antonio Spurs
 ",103:81,1.41,2.96,5
0:00,"Cleveland Cavaliers - Chicago Bulls
 ",96:94,1.04,12.25,4
23:00,"Boston Celtics - Miami Heat
 ",96:86,1.26,4.06,5
2:30,"Phoenix Suns - Portland Trail Blazers
 ",107:88,1.27,3.9,5
0:30,"Milwaukee Bucks - Atlanta Hawks
 ",111:104,2.12,1.74,5
0:00,"Charlotte Hornets - Orlando Magic
 ",90:99,2.65,1.5,5
1:30,"Utah Jazz - Denver Nuggets
 ",117:106,1.69,2.21,4
23:00,"San Antonio Spurs - Dallas Mavericks
 ",92:89,1.6,2.38,4
19:30,"Chicago Bulls - Cleveland Cavaliers
 ",98:121,3.17,1.36,4
17:00,"Miami Heat - Boston Celtics
 ",101:92,1.8,2,4
1:30,"Oklahoma City Thunder - Los Angeles Lakers
 ",110:89,1.85,1.97,5
23:00,"Milwaukee Bucks - Atlanta Hawks
 ",107:89,1.84,1.98,5
20:30,"Portland Trail Blazers - Phoenix Suns
 ",96:87,2.1,1.76,5
18:00,"Charlotte Hornets - Orlando Magic
 ",86:90,2.16,1.72,5
2:30,"Utah Jazz - Denver Nuggets
 ",105:93,1.69,2.21,5
1:30,"San Antonio Spurs - Dallas Mavericks
 ",94:90,1.57,2.46,5
23:00,"Miami Heat - Boston Celtics
 ",98:100,1.54,2.56,5
2:00,"Portland Trail Blazers - Phoenix Suns
 ",89:108,1.84,1.99,5
1:30,"Oklahoma City Thunder - Los Angeles Lakers
 ",101:96,1.58,2.45,5
23:00,"Chicago Bulls - Cleveland Cavaliers
 ",108:106,2.67,1.5,4
1:30,"Dallas Mavericks - San Antonio Spurs
 ",88:102,1.59,2.42,5
23:00,"Orlando Magic - Charlotte Hornets
 ",92:77,1.14,5.69,5
2:30,"Los Angeles Lakers - Oklahoma City Thunder
 ",95:92,1.35,3.23,5
2:00,"Phoenix Suns - Portland Trail Blazers
 ",119:90,1.2,4.92,5
0:00,"Boston Celtics - Miami Heat
 ",106:77,1.83,1.99,5
23:00,"Atlanta Hawks - Milwaukee Bucks
 ",96:86,1.26,4.06,5
2:30,"Denver Nuggets - Utah Jazz
 ",111:114,1.35,3.32,5
0:00,"Cleveland Cavaliers - Chicago Bulls
 ",112:102,1.11,7.31,4
2:30,"Phoenix Suns - Portland Trail Blazers
 ",100:105,1.21,4.55,5
0:00,"Dallas Mavericks - San Antonio Spurs
 ",100:94,1.5,2.69,5
21:30,"Orlando Magic - Charlotte Hornets
 ",98:89,1.14,5.89,5
19:00,"Los Angeles Lakers - Oklahoma City Thunder
 ",87:79,1.23,4.32,5
2:30,"Denver Nuggets - Utah Jazz
 ",126:113,1.4,3.05,5
0:00,"Boston Celtics - Miami Heat
 ",85:76,1.48,2.72,5
21:30,"Atlanta Hawks - Milwaukee Bucks
 ",102:92,1.21,4.65,5
19:00,"Cleveland Cavaliers - Chicago Bulls
 ",96:83,1.09,8.35,4
2:30,Los Angeles Clippers - Los Angeles Lakers,107:91,3.47,1.31,5
2:30,Portland Trail Blazers - Golden State Warriors,116:122,1.13,5.68,5
2:30,Utah Jazz - Phoenix Suns,86:100,1.46,2.81,5
0:00,Atlanta Hawks - Cleveland Cavaliers,99:83,1.71,2.17,5
0:00,Boston Celtics - Milwaukee Bucks,95:106,2.7,1.47,5
0:00,Charlotte Hornets - Chicago Bulls,89:98,2.08,1.75,5
0:00,Dallas Mavericks - San Antonio Spurs,96:89,1.45,2.82,5
0:00,Houston Rockets - New Orleans Pelicans,115:123,1.32,3.54,5
0:00,Miami Heat - Brooklyn Nets,94:86,1.5,2.64,5
0:00,Minnesota Timberwolves - Detroit Pistons,98:103,1.79,2.01,5
0:00,Oklahoma City Thunder - Memphis Grizzlies,114:105,1.26,4,5
0:00,Orlando Magic - Philadelphia 76ers,125:111,1.11,7.07,5
0:00,Toronto Raptors - New York Knicks,131:113,1.28,3.84,5
0:00,Washington Wizards - Indiana Pacers,98:97,2.11,1.75,5
2:30,Golden State Warriors - Utah Jazz,94:103,4.03,1.26,5
2:30,Los Angeles Lakers - Sacramento Kings,106:100,1.25,4.09,5
2:30,Phoenix Suns - Denver Nuggets,123:101,1.45,2.83,5
0:00,Chicago Bulls - Boston Celtics,101:93,1.49,2.67,5
2:30,Los Angeles Clippers - Dallas Mavericks,94:117,6.75,1.12,5
2:00,Portland Trail Blazers - Oklahoma City Thunder,103:95,1.8,2.03,5
2:00,Sacramento Kings - Houston Rockets,107:117,1.72,2.16,5
1:00,Denver Nuggets - Memphis Grizzlies,123:101,1.12,6.46,5
0:30,San Antonio Spurs - Minnesota Timberwolves,133:111,1.03,13.4,5
0:00,Milwaukee Bucks - Atlanta Hawks,96:104,2.02,1.81,5
23:30,Brooklyn Nets - Charlotte Hornets,95:105,2.71,1.48,5
23:30,Detroit Pistons - Toronto Raptors,97:111,1.73,2.15,5
23:30,New York Knicks - Washington Wizards,114:103,1.6,2.41,5
23:00,Indiana Pacers - Orlando Magic,98:118,2.39,1.6,5
23:00,Philadelphia 76ers - Miami Heat,105:107,2.48,1.56,5
1:00,Golden State Warriors - Oklahoma City Thunder,120:117,3.77,1.29,5
1:00,Phoenix Suns - Houston Rockets,116:106,1.19,4.98,5
23:00,New Orleans Pelicans - Minnesota Timberwolves,114:86,1.43,2.88,5
22:00,New York Knicks - Miami Heat,98:111,3.16,1.37,5
22:00,Toronto Raptors - Chicago Bulls,88:104,2.15,1.72,5
19:30,Los Angeles Lakers - Portland Trail Blazers,88:91,1.64,2.27,5
17:00,Cleveland Cavaliers - Orlando Magic,92:98,2.87,1.45,5
2:30,Los Angeles Clippers - Golden State Warriors,107:104,2.05,1.79,5
2:00,Sacramento Kings - Dallas Mavericks,108:126,2.76,1.47,5
1:00,Denver Nuggets - San Antonio Spurs,85:104,1.35,3.29,5
0:30,Milwaukee Bucks - Boston Celtics,90:105,1.78,2.07,5
0:00,Memphis Grizzlies - Philadelphia 76ers,101:120,1.37,3.12,5
23:00,Charlotte Hornets - Detroit Pistons,99:95,1.27,3.8,5
23:00,Indiana Pacers - Brooklyn Nets,115:102,1.11,6.72,5
23:00,Washington Wizards - Atlanta Hawks,95:105,3.07,1.4,5
2:00,Portland Trail Blazers - Dallas Mavericks,77:83,1.45,2.84,5
0:30,Houston Rockets - Charlotte Hornets,97:90,1.66,2.27,5
0:30,San Antonio Spurs - Memphis Grizzlies,99:107,1.13,6.25,5
0:00,Brooklyn Nets - Chicago Bulls,127:116,3.09,1.39,5
0:00,Minnesota Timberwolves - Los Angeles Lakers,88:97,3.81,1.28,5
0:00,New Orleans Pelicans - Utah Jazz,103:114,4.02,1.26,5
0:00,Oklahoma City Thunder - Phoenix Suns,96:91,1.55,2.53,5
23:30,Atlanta Hawks - Toronto Raptors,107:101,1.13,6.3,5
23:30,Boston Celtics - Washington Wizards,96:106,1.11,7.03,5
23:30,Cleveland Cavaliers - Indiana Pacers,113:116,1.84,2,5
23:30,Miami Heat - Detroit Pistons,99:106,1.11,6.87,5
23:00,Orlando Magic - New York Knicks,118:103,1.1,7.13,5
23:00,Philadelphia 76ers - Milwaukee Bucks,90:95,2.66,1.49,5
2:30,Denver Nuggets - Los Angeles Lakers,98:96,1.8,2.04,5
2:00,Sacramento Kings - Los Angeles Clippers,116:94,1.35,3.31,5
0:00,Chicago Bulls - Cleveland Cavaliers,109:108,1.36,3.3,5
2:30,Los Angeles Clippers - Portland Trail Blazers,85:93,4.73,1.21,5
2:30,Phoenix Suns - San Antonio Spurs,112:101,1.38,3.1,5
0:30,Dallas Mavericks - Memphis Grizzlies,110:84,1.17,5.37,5
0:00,Houston Rockets - Utah Jazz,113:96,2.63,1.51,5
0:00,Milwaukee Bucks - Brooklyn Nets,108:89,1.26,4.03,5
0:00,Minnesota Timberwolves - Golden State Warriors,107:116,2.04,1.8,5
0:00,New Orleans Pelicans - Charlotte Hornets,103:104,2.06,1.79,5
0:00,Oklahoma City Thunder - Denver Nuggets,94:98,1.71,2.19,5
23:30,Detroit Pistons - Atlanta Hawks,90:88,2.74,1.46,5
23:30,Miami Heat - Philadelphia 76ers,99:95,1.1,7.84,5
23:00,Indiana Pacers - New York Knicks,113:105,1.13,6.17,5
23:00,Orlando Magic - Washington Wizards,121:94,1.05,11.1,5
23:00,Toronto Raptors - Boston Celtics,104:115,3.12,1.39,5
2:00,Sacramento Kings - San Antonio Spurs,86:95,3.66,1.3,5
1:00,Utah Jazz - Oklahoma City Thunder,140:139,1.36,3.25,5
0:00,Chicago Bulls - Milwaukee Bucks,74:79,1.42,3,5
0:00,Memphis Grizzlies - Houston Rockets,103:113,1.5,2.64,5
23:30,New York Knicks - Boston Celtics,104:101,3.9,1.27,5
23:00,Charlotte Hornets - Atlanta Hawks,109:100,1.49,2.67,5
23:00,Cleveland Cavaliers - Toronto Raptors,113:101,1.4,3.02,5
23:00,Philadelphia 76ers - Detroit Pistons,103:124,1.52,2.6,5
23:00,Washington Wizards - Golden State Warriors,112:94,2.27,1.67,5
1:30,Los Angeles Clippers - New York Knicks,107:113,1.96,1.85,5
23:00,Oklahoma City Thunder - Minnesota Timberwolves,116:108,1.06,10.55,5
22:00,Indiana Pacers - Houston Rockets,133:102,1.53,2.58,5
22:00,Orlando Magic - Memphis Grizzlies,107:92,1.11,7.09,5
22:00,Toronto Raptors - Golden State Warriors,112:113,1.25,4.09,5
22:00,Washington Wizards - Brooklyn Nets,109:99,1.58,2.45,5
19:30,Los Angeles Lakers - San Antonio Spurs,81:100,1.46,2.79,5
17:00,Boston Celtics - Cleveland Cavaliers,117:113,1.79,2.04,5
2:00,Sacramento Kings - Portland Trail Blazers,87:98,3.66,1.3,5
1:00,Denver Nuggets - Los Angeles Clippers,98:90,1.03,13.3,5
0:30,Dallas Mavericks - Oklahoma City Thunder,116:121,1.6,2.39,5
0:30,Milwaukee Bucks - Phoenix Suns,107:98,1.75,2.11,5
0:00,Chicago Bulls - Charlotte Hornets,96:88,1.51,2.63,5
0:00,Minnesota Timberwolves - Miami Heat,84:97,3.46,1.33,5
23:30,Brooklyn Nets - New Orleans Pelicans,115:87,2.28,1.66,5
23:00,Atlanta Hawks - Detroit Pistons,91:85,1.04,11.65,5
17:00,Philadelphia 76ers - Toronto Raptors,123:128,2.68,1.5,4
2:30,Golden State Warriors - New York Knicks,128:117,1.55,2.54,5
2:30,Los Angeles Lakers - Utah Jazz,106:92,1.48,2.71,5
0:30,San Antonio Spurs - Orlando Magic,112:100,1.62,2.34,5
0:00,Cleveland Cavaliers - Atlanta Hawks,93:88,1.42,2.93,5
0:00,Detroit Pistons - Phoenix Suns,94:109,4.91,1.19,5
0:00,Memphis Grizzlies - New Orleans Pelicans,107:96,1.6,2.4,5
23:30,Boston Celtics - Houston Rockets,114:119,1.12,6.48,5
23:00,Charlotte Hornets - Milwaukee Bucks,87:86,1.6,2.39,5
23:00,Indiana Pacers - Miami Heat,96:105,1.89,1.92,5
23:00,Washington Wizards - Chicago Bulls,87:95,2.98,1.41,5
2:30,Denver Nuggets - Portland Trail Blazers,109:92,1.44,2.83,5
0:00,Dallas Mavericks - Orlando Magic,82:97,2.15,1.74,5
2:00,Portland Trail Blazers - New York Knicks,118:90,1.12,6.81,5
2:00,Utah Jazz - Golden State Warriors,128:104,1.06,9.78,5
0:30,San Antonio Spurs - Houston Rockets,119:102,1.11,7.13,5
0:00,Memphis Grizzlies - Dallas Mavericks,102:106,2.07,1.78,5
0:00,Minnesota Timberwolves - Sacramento Kings,108:99,1.71,2.19,5
0:00,New Orleans Pelicans - Washington Wizards,91:96,1.18,5.14,5
23:30,Boston Celtics - Oklahoma City Thunder,104:109,1.64,2.32,5
23:30,Brooklyn Nets - Phoenix Suns,105:116,3.58,1.31,5
23:30,Detroit Pistons - Miami Heat,81:98,3.28,1.35,5
23:00,Atlanta Hawks - Los Angeles Lakers,109:92,1.85,1.96,5
23:00,Charlotte Hornets - Philadelphia 76ers,103:84,1.13,6.11,5
23:00,Cleveland Cavaliers - Milwaukee Bucks,101:98,1.16,5.45,5
23:00,Toronto Raptors - Los Angeles Clippers,114:92,1.14,5.87,5
0:30,Houston Rockets - Washington Wizards,98:94,1.3,3.54,4
0:00,Chicago Bulls - Phoenix Suns,105:111,2.31,1.62,4
0:00,Milwaukee Bucks - Los Angeles Clippers,107:89,1.11,6.81,4
23:00,Indiana Pacers - Sacramento Kings,102:95,1.32,3.38,4
23:00,Philadelphia 76ers - Oklahoma City Thunder,93:111,3.11,1.38,4
1:00,Utah Jazz - New York Knicks,103:98,1.1,7.44,4
0:30,Dallas Mavericks - Denver Nuggets,109:93,1.44,2.8,4
0:00,New Orleans Pelicans - Los Angeles Lakers,108:100,3.13,1.37,4
23:30,Brooklyn Nets - San Antonio Spurs,90:84,3.74,1.28,4
23:00,Charlotte Hornets - Toronto Raptors,101:103,1.22,4.31,4
1:30,Los Angeles Clippers - Golden State Warriors,103:121,1.4,3.01,4
0:00,Boston Celtics - San Antonio Spurs,73:94,1.63,2.3,4
23:00,Minnesota Timberwolves - Phoenix Suns,105:111,4.82,1.2,4
23:00,Oklahoma City Thunder - Portland Trail Blazers,87:92,1.55,2.49,4
22:00,Detroit Pistons - Chicago Bulls,103:110,1.72,2.15,4
22:00,Miami Heat - Toronto Raptors,97:94,1.32,3.42,4
22:00,Orlando Magic - Denver Nuggets,103:97,1.36,3.19,4
19:30,Atlanta Hawks - Indiana Pacers,94:84,1.24,4.14,4
19:00,Cleveland Cavaliers - Sacramento Kings,97:90,1.04,10.88,4
19:00,Milwaukee Bucks - Memphis Grizzlies,108:103,1.57,2.46,4
1:30,Golden State Warriors - Dallas Mavericks,90:111,2.38,1.59,4
0:30,Houston Rockets - Los Angeles Lakers,101:109,3.19,1.36,4
0:00,Chicago Bulls - Brooklyn Nets,106:83,1.18,5,4
0:00,New Orleans Pelicans - Portland Trail Blazers,101:112,2.38,1.6,4
22:00,Washington Wizards - Utah Jazz,87:103,5.09,1.17,4
1:00,Phoenix Suns - New York Knicks,132:96,1.12,6.83,5
23:30,Milwaukee Bucks - Miami Heat,74:87,1.68,2.25,5
23:30,San Antonio Spurs - Cleveland Cavaliers,102:97,1.95,1.84,4
23:00,Brooklyn Nets - Detroit Pistons,118:110,1.82,2,5
23:00,Oklahoma City Thunder - Los Angeles Lakers,91:75,2.02,1.81,5
22:30,Boston Celtics - Sacramento Kings,94:86,1.09,7.44,4
22:00,Charlotte Hornets - Washington Wizards,107:96,1.15,5.65,5
22:00,Indiana Pacers - Utah Jazz,122:106,2.89,1.43,5
22:00,Orlando Magic - Minnesota Timberwolves,106:97,1.02,15.7,5
22:00,Philadelphia 76ers - Atlanta Hawks,105:98,2.88,1.43,4
22:00,Toronto Raptors - Denver Nuggets,96:97,2.99,1.41,5
1:30,Portland Trail Blazers - Dallas Mavericks,101:89,1.6,2.4,5
23:30,Houston Rockets - Los Angeles Clippers,93:99,1.47,2.74,5
23:00,Chicago Bulls - Miami Heat,74:103,1.76,2.09,5
1:30,Golden State Warriors - Memphis Grizzlies,128:110,2.07,1.77,5
0:30,San Antonio Spurs - Los Angeles Lakers,83:92,1.77,2.08,5
23:00,Milwaukee Bucks - Philadelphia 76ers,86:101,1.13,5.75,4
23:00,New Orleans Pelicans - Cleveland Cavaliers,92:105,3.12,1.38,5
23:00,Oklahoma City Thunder - Houston Rockets,122:104,1.25,4.06,5
22:30,Brooklyn Nets - Sacramento Kings,93:79,2.05,1.8,5
22:00,Atlanta Hawks - Orlando Magic,86:84,1.79,2.05,5
22:00,Boston Celtics - Denver Nuggets,113:99,1.5,2.67,5
22:00,Charlotte Hornets - Minnesota Timberwolves,108:95,1.17,5.2,5
22:00,Indiana Pacers - Washington Wizards,99:82,1.22,4.54,5
22:00,Toronto Raptors - Utah Jazz,87:113,2.34,1.63,5
23:30,Dallas Mavericks - Los Angeles Clippers,106:96,1.14,5.82,5
22:30,Detroit Pistons - Indiana Pacers,83:98,1.52,2.6,5
22:30,New York Knicks - Denver Nuggets,109:104,3.48,1.32,5
22:00,Washington Wizards - Charlotte Hornets,86:95,3.28,1.35,5
1:30,Golden State Warriors - Phoenix Suns,131:133,2.73,1.48,5
1:00,Sacramento Kings - Memphis Grizzlies,85:102,2.1,1.76,5
0:00,Utah Jazz - Boston Celtics,110:97,1.52,2.6,5
23:00,Chicago Bulls - Houston Rockets,98:88,1.72,2.17,5
23:00,Milwaukee Bucks - Atlanta Hawks,98:95,1.4,3,5
23:00,Minnesota Timberwolves - Toronto Raptors,100:106,2.61,1.51,5
23:00,New Orleans Pelicans - Dallas Mavericks,115:99,2.65,1.5,5
23:00,Oklahoma City Thunder - San Antonio Spurs,96:99,1.46,2.77,5
22:30,Brooklyn Nets - Miami Heat,89:99,3.42,1.33,5
22:00,Philadelphia 76ers - Orlando Magic,93:109,4.09,1.25,5
1:30,Phoenix Suns - Portland Trail Blazers,93:87,1.35,3.31,5
0:30,Los Angeles Lakers - Washington Wizards,99:92,1.06,9.44,5
23:00,Atlanta Hawks - San Antonio Spurs,119:114,1.62,2.36,5
21:00,Cleveland Cavaliers - Detroit Pistons,104:79,1.07,9.03,5
18:30,Los Angeles Clippers - Sacramento Kings,89:102,1.51,2.64,5
17:30,Indiana Pacers - Oklahoma City Thunder,121:101,2.7,1.48,5
16:00,New York Knicks - Houston Rockets,112:116,2.38,1.62,4
0:00,Dallas Mavericks - Boston Celtics,93:102,1.53,2.57,5
0:00,Denver Nuggets - Milwaukee Bucks,97:102,1.12,6.62,5
0:00,Utah Jazz - New Orleans Pelicans,106:86,1.18,5.11,5
23:00,Memphis Grizzlies - Golden State Warriors,123:107,1.17,5.24,5
22:30,Brooklyn Nets - Toronto Raptors,90:100,2.53,1.55,5
22:30,Miami Heat - Charlotte Hornets,77:71,1.35,3.31,5
22:00,Philadelphia 76ers - Chicago Bulls,84:98,1.49,2.68,5
1:30,Los Angeles Lakers - Minnesota Timberwolves,104:96,1.02,15.6,5
1:00,Phoenix Suns - Utah Jazz,110:100,1.41,3.01,5
1:00,Portland Trail Blazers - Washington Wizards,76:74,1.08,8.58,5
1:00,Sacramento Kings - Milwaukee Bucks,108:114,2.54,1.54,5
23:30,Houston Rockets - Boston Celtics,87:94,2.1,1.76,5
23:30,San Antonio Spurs - Golden State Warriors,147:116,1.09,7.75,5
23:00,Chicago Bulls - Cleveland Cavaliers,85:92,6.52,1.12,5
22:30,Atlanta Hawks - Charlotte Hornets,93:92,1.4,3.03,5
22:30,New York Knicks - Philadelphia 76ers,92:88,1.74,2.13,5
22:00,Indiana Pacers - Detroit Pistons,106:102,1.77,2.08,5
22:00,Toronto Raptors - Oklahoma City Thunder,89:115,1.97,1.85,5
0:30,Denver Nuggets - New Orleans Pelicans,93:80,1.04,12.1,5
22:00,Miami Heat - Orlando Magic,102:108,2.13,1.74,5
1:30,Golden State Warriors - New Orleans Pelicans,131:121,1.58,2.44,5
1:30,Los Angeles Clippers - Milwaukee Bucks,101:93,2.88,1.43,5
0:00,Utah Jazz - Minnesota Timberwolves,122:100,1.04,13.5,5
23:30,Dallas Mavericks - Chicago Bulls,113:106,1.04,12.6,5
23:30,Houston Rockets - Memphis Grizzlies,107:94,1.44,2.85,5
23:00,Orlando Magic - San Antonio Spurs,110:84,1.32,3.48,5
22:30,Boston Celtics - New York Knicks,109:97,1.21,4.62,5
22:00,Charlotte Hornets - Oklahoma City Thunder,100:92,1.99,1.83,5
22:00,Cleveland Cavaliers - Indiana Pacers,99:94,1.03,15.4,5
22:00,Philadelphia 76ers - Brooklyn Nets,108:97,1.35,3.29,5
22:00,Toronto Raptors - Atlanta Hawks,106:105,1.67,2.25,5
1:00,Phoenix Suns - Minnesota Timberwolves,152:114,1.08,8.85,5
1:00,Sacramento Kings - Los Angeles Lakers,99:106,3.13,1.38,5
0:00,Denver Nuggets - Washington Wizards,97:87,1.02,16,5
23:00,Memphis Grizzlies - Chicago Bulls,104:97,1.12,6.76,5
22:30,Brooklyn Nets - Atlanta Hawks,84:108,3.42,1.33,5
22:30,Detroit Pistons - Cleveland Cavaliers,101:113,6.65,1.12,5
22:30,Miami Heat - San Antonio Spurs,76:88,1.74,2.13,5
22:00,Indiana Pacers - Charlotte Hornets,99:94,2.23,1.69,5
1:30,Golden State Warriors - Los Angeles Lakers,121:124,4.37,1.23,5
1:30,Los Angeles Clippers - New Orleans Pelicans,100:108,1.69,2.22,5
0:00,Utah Jazz - Washington Wizards,112:89,1.11,7.09,5
23:30,Houston Rockets - Denver Nuggets,125:123,2.22,1.69,5
23:00,Boston Celtics - Detroit Pistons,119:93,1.21,4.67,5
22:00,Philadelphia 76ers - New York Knicks,84:94,1.68,2.22,5
0:00,Phoenix Suns - New Orleans Pelicans,120:106,1.13,6.11,5
0:00,Portland Trail Blazers - Toronto Raptors,109:98,1.22,4.44,5
0:00,Sacramento Kings - Minnesota Timberwolves,114:100,1.23,4.29,5
22:00,Oklahoma City Thunder - Utah Jazz,119:111,1.61,2.38,5
21:00,Miami Heat - Philadelphia 76ers,104:91,1.35,3.25,5
21:00,Orlando Magic - Charlotte Hornets,89:96,1.22,4.46,5
18:30,Cleveland Cavaliers - Boston Celtics,104:93,1.31,3.57,5
16:00,Milwaukee Bucks - Indiana Pacers,98:94,1.15,5.48,5
2:30,Golden State Warriors - Toronto Raptors,124:112,2.11,1.75,4
0:30,Dallas Mavericks - New York Knicks,94:128,1.13,6.1,4
0:30,Houston Rockets - Brooklyn Nets,116:108,1.15,5.65,4
0:30,San Antonio Spurs - Los Angeles Clippers,118:88,1.08,8.3,4
0:00,Memphis Grizzlies - Denver Nuggets,108:125,2.02,1.81,4
23:00,Atlanta Hawks - Detroit Pistons,112:99,1.09,8.38,4
23:00,Washington Wizards - Orlando Magic,95:109,8.66,1.08,4
2:00,Sacramento Kings - Portland Trail Blazers,94:110,2.02,1.82,5
1:00,Phoenix Suns - Los Angeles Lakers,96:102,2.16,1.72,5
0:30,Milwaukee Bucks - Utah Jazz,95:87,1.87,1.94,5
0:00,Detroit Pistons - Washington Wizards,101:87,1.36,3.24,5
0:00,Memphis Grizzlies - New York Knicks,119:112,1.31,3.55,5
0:00,Minnesota Timberwolves - San Antonio Spurs,85:103,3.37,1.34,5
0:00,New Orleans Pelicans - Denver Nuggets,95:102,2.89,1.43,5
0:00,Oklahoma City Thunder - Brooklyn Nets,104:102,1.12,7.11,5
23:30,Boston Celtics - Indiana Pacers,122:103,1.2,4.83,5
23:30,Miami Heat - Chicago Bulls,108:95,1.11,7.29,5
23:00,Charlotte Hornets - Los Angeles Clippers,106:98,1.15,5.65,5
23:00,Philadelphia 76ers - Cleveland Cavaliers,95:100,3.88,1.27,5
2:30,Golden State Warriors - Portland Trail Blazers,105:110,3.09,1.38,5
0:00,Orlando Magic - Chicago Bulls,111:82,1.08,8.97,5
23:00,Washington Wizards - Atlanta Hawks,99:105,3.38,1.33,5
2:00,Sacramento Kings - Toronto Raptors,113:90,1.83,1.99,5
0:30,Dallas Mavericks - Brooklyn Nets,96:87,1.11,6.78,5
0:30,San Antonio Spurs - New York Knicks,97:87,1.15,5.48,5
0:00,Minnesota Timberwolves - Denver Nuggets,102:110,3.94,1.27,5
0:00,Oklahoma City Thunder - New Orleans Pelicans,98:83,1.27,3.85,5
23:30,Boston Celtics - Memphis Grizzlies,91:111,1.42,2.96,5
23:30,Detroit Pistons - Utah Jazz,104:115,3.04,1.39,5
23:30,Miami Heat - Los Angeles Clippers,108:97,1.14,5.77,5
23:00,Philadelphia 76ers - Charlotte Hornets,87:102,2.02,1.81,5
2:30,Los Angeles Lakers - Toronto Raptors,109:107,1.11,7.39,5
2:00,Portland Trail Blazers - Sacramento Kings,88:81,1.21,4.56,5
0:00,Chicago Bulls - Utah Jazz,108:132,2.73,1.48,5
0:00,Milwaukee Bucks - Boston Celtics,86:84,1.8,2.03,5
23:00,Charlotte Hornets - Miami Heat,83:78,1.57,2.48,5
23:00,Indiana Pacers - Philadelphia 76ers,107:96,1.92,1.89,5
23:00,Orlando Magic - Los Angeles Clippers,113:87,1.09,8.2,5
23:00,Washington Wizards - Houston Rockets,88:96,2.56,1.53,5
0:00,Memphis Grizzlies - Brooklyn Nets,107:101,1.23,4.36,5
0:00,Minnesota Timberwolves - Dallas Mavericks,112:125,3.39,1.33,5
0:00,New Orleans Pelicans - Golden State Warriors,135:131,1.37,3.16,5
23:30,New York Knicks - Atlanta Hawks,99:98,3.54,1.32,5
23:00,Cleveland Cavaliers - San Antonio Spurs,97:95,1.44,2.85,5
2:30,Denver Nuggets - Portland Trail Blazers,118:106,1.31,3.59,5
1:00,Sacramento Kings - Oklahoma City Thunder,102:108,2.38,1.61,5
0:00,Boston Celtics - Washington Wizards,86:83,1.1,7.56,5
22:00,Detroit Pistons - Houston Rockets,110:107,2.04,1.8,5
18:30,Orlando Magic - Los Angeles Lakers,96:94,1.7,2.19,5
16:00,Toronto Raptors - Philadelphia 76ers,101:114,1.43,2.9,5
1:00,Phoenix Suns - Indiana Pacers,113:105,1.08,9.37,5
1:00,Utah Jazz - Los Angeles Clippers,107:85,1.05,11.8,5
0:30,Milwaukee Bucks - Cleveland Cavaliers,92:85,2.27,1.66,5
0:00,Chicago Bulls - Dallas Mavericks,116:122,1.85,1.96,5
0:00,Memphis Grizzlies - San Antonio Spurs,92:102,1.87,1.95,5
0:00,Minnesota Timberwolves - Houston Rockets,98:112,2.55,1.53,5
23:30,Miami Heat - Atlanta Hawks,100:94,1.76,2.09,5
23:30,New York Knicks - Brooklyn Nets,93:113,1.24,4.23,5
23:00,Charlotte Hornets - Golden State Warriors,101:90,1.17,5.35,5
2:30,Los Angeles Clippers - Oklahoma City Thunder,87:104,2.73,1.47,5
1:30,San Antonio Spurs - New Orleans Pelicans,102:91,1.25,4.12,5
1:00,Denver Nuggets - Indiana Pacers,122:114,1.12,6.54,5
0:30,Dallas Mavericks - Sacramento Kings,108:100,1.22,4.46,5
0:00,Brooklyn Nets - Orlando Magic,87:97,6.14,1.13,5
23:30,Atlanta Hawks - Golden State Warriors,127:122,1.04,12.45,5
23:00,Charlotte Hornets - Los Angeles Lakers,98:83,2.53,1.55,5
23:00,Cleveland Cavaliers - Detroit Pistons,99:92,1.08,8.67,5
23:00,Philadelphia 76ers - Boston Celtics,86:96,3.02,1.4,5
23:00,Toronto Raptors - New York Knicks,102:96,1.32,3.53,5
23:00,Washington Wizards - Milwaukee Bucks,74:102,2.51,1.55,5
2:30,Phoenix Suns - Utah Jazz,108:116,1.78,2.06,5
0:00,Chicago Bulls - Memphis Grizzlies,96:105,1.45,2.84,5
0:00,Miami Heat - Los Angeles Lakers,114:111,2.85,1.44,5
2:30,Los Angeles Clippers - Phoenix Suns,101:127,2.49,1.57,5
2:00,Portland Trail Blazers - Indiana Pacers,102:79,1.2,4.82,5
1:00,Denver Nuggets - Oklahoma City Thunder,119:90,1.31,3.6,5
0:30,Dallas Mavericks - Minnesota Timberwolves,112:109,1.05,11.15,5
0:30,Houston Rockets - Sacramento Kings,81:84,1.27,3.89,5
0:00,Milwaukee Bucks - Washington Wizards,100:87,1.15,5.67,5
0:00,New Orleans Pelicans - Memphis Grizzlies,100:104,1.69,2.22,5
23:30,Boston Celtics - Charlotte Hornets,104:80,1.48,2.73,5
23:30,Brooklyn Nets - Cleveland Cavaliers,92:111,5.41,1.16,5
23:30,New York Knicks - Detroit Pistons,128:104,1.53,2.58,5
23:00,Atlanta Hawks - Philadelphia 76ers,112:93,1.22,4.51,5
23:00,Orlando Magic - Golden State Warriors,117:90,1.03,14.6,5
2:30,Los Angeles Lakers - Indiana Pacers,122:99,1.1,7.45,5
0:00,Oklahoma City Thunder - Sacramento Kings,113:107,1.14,6.01,5
23:30,Detroit Pistons - Boston Celtics,100:105,2.7,1.49,5
23:30,Miami Heat - Golden State Warriors,110:106,1.14,5.82,5
2:30,Los Angeles Clippers - Utah Jazz,108:104,3.21,1.36,5
1:00,Phoenix Suns - Denver Nuggets,101:85,1.73,2.14,5
0:30,Houston Rockets - Toronto Raptors,116:92,1.37,3.18,5
0:00,Chicago Bulls - Atlanta Hawks,92:116,1.87,1.94,5
0:00,Memphis Grizzlies - Portland Trail Blazers,93:103,1.99,1.83,5
0:00,New Orleans Pelicans - San Antonio Spurs,92:106,2.27,1.66,5
23:00,Charlotte Hornets - Dallas Mavericks,84:89,1.67,2.25,5
23:00,Cleveland Cavaliers - New York Knicks,124:93,1.12,6.76,5
23:00,Philadelphia 76ers - Orlando Magic,105:126,2.5,1.56,5
1:30,Dallas Mavericks - New Orleans Pelicans,108:100,1.25,4.09,5
1:00,Sacramento Kings - Los Angeles Clippers,97:92,1.54,2.54,5
23:00,Oklahoma City Thunder - Toronto Raptors,119:99,1.21,4.64,5
23:00,Orlando Magic - Miami Heat,96:80,1.12,6.56,5
22:00,Atlanta Hawks - Milwaukee Bucks,106:102,1.24,4.24,5
22:00,Brooklyn Nets - Washington Wizards,85:89,1.96,1.86,5
19:30,Los Angeles Lakers - Denver Nuggets,95:89,1.37,3.17,5
17:00,San Antonio Spurs - Phoenix Suns,113:110,1.55,2.51,5
2:30,Golden State Warriors - Detroit Pistons,95:88,1.56,2.49,5
1:00,Utah Jazz - Houston Rockets,133:110,1.17,5.27,5
0:00,Minnesota Timberwolves - Portland Trail Blazers,91:110,2.58,1.53,5
23:30,New York Knicks - Memphis Grizzlies,109:120,2.18,1.71,5
23:00,Indiana Pacers - Chicago Bulls,100:90,1.66,2.27,5
19:30,Miami Heat - Milwaukee Bucks,71:94,1.75,2.13,5
17:00,Boston Celtics - Brooklyn Nets,96:104,1.12,6.28,5
2:30,Los Angeles Lakers - Philadelphia 76ers,99:90,1.12,6.47,5
2:00,Sacramento Kings - Utah Jazz,103:99,3.62,1.3,5
1:30,New Orleans Pelicans - Orlando Magic,100:93,2.65,1.51,5
1:00,Denver Nuggets - Detroit Pistons,107:102,1.15,5.59,5
1:00,Phoenix Suns - Los Angeles Clippers,125:112,1.17,5.19,5
0:30,Houston Rockets - San Antonio Spurs,109:104,2.39,1.61,5
0:00,Chicago Bulls - Portland Trail Blazers,115:111,1.63,2.34,5
0:00,Memphis Grizzlies - Charlotte Hornets,89:93,1.66,2.29,5
0:00,Oklahoma City Thunder - Minnesota Timberwolves,109:92,1.15,5.57,5
23:00,Atlanta Hawks - Dallas Mavericks,103:111,1.65,2.3,5
23:00,Toronto Raptors - Cleveland Cavaliers,118:126,2.99,1.4,5
23:00,Washington Wizards - New York Knicks,116:118,1.76,2.09,5
2:30,Golden State Warriors - Denver Nuggets,112:127,3.09,1.39,5
0:00,Boston Celtics - Cleveland Cavaliers,88:108,2.18,1.71,5
23:00,Indiana Pacers - Milwaukee Bucks,110:112,2.07,1.78,5
2:30,Los Angeles Clippers - Detroit Pistons,97:91,1.53,2.56,5
1:00,Dallas Mavericks - Los Angeles Lakers,101:96,1.8,2.03,5
1:00,Phoenix Suns - Philadelphia 76ers,106:95,1.27,3.89,5
1:00,Utah Jazz - Charlotte Hornets,102:93,1.29,3.77,5
0:30,Houston Rockets - Orlando Magic,92:110,2.61,1.52,5
0:30,San Antonio Spurs - Oklahoma City Thunder,95:87,1.51,2.62,5
0:00,Chicago Bulls - Indiana Pacers,120:110,1.22,4.57,5
0:00,Milwaukee Bucks - New Orleans Pelicans,115:95,1.37,3.15,5
23:00,Atlanta Hawks - Minnesota Timberwolves,98:92,1.09,7.55,5
23:00,Toronto Raptors - Portland Trail Blazers,87:101,1.64,2.3,5
23:00,Washington Wizards - Memphis Grizzlies,94:99,1.94,1.87,5
2:30,Golden State Warriors - Philadelphia 76ers,102:110,1.94,1.87,5
2:00,Sacramento Kings - Detroit Pistons,89:101,1.71,2.18,5
0:00,Memphis Grizzlies - Los Angeles Lakers,98:99,2.91,1.43,5
0:00,Oklahoma City Thunder - Phoenix Suns,102:104,1.38,3.13,5
23:30,Boston Celtics - New York Knicks,110:106,1.16,5.36,5
23:30,Brooklyn Nets - Portland Trail Blazers,93:102,3.88,1.27,5
23:30,Miami Heat - Minnesota Timberwolves,88:91,1.26,4.02,5
23:00,Cleveland Cavaliers - New Orleans Pelicans,105:95,1.09,7.76,5
2:30,Los Angeles Clippers - Charlotte Hornets,98:94,2.49,1.56,5
1:00,Utah Jazz - Atlanta Hawks,100:105,1.61,2.37,5
0:30,Dallas Mavericks - Indiana Pacers,91:82,1.17,5.21,5
23:30,New York Knicks - Milwaukee Bucks,67:83,1.81,2.02,5
23:00,Washington Wizards - Chicago Bulls,101:95,2.18,1.71,5
2:30,Portland Trail Blazers - Utah Jazz,89:93,1.81,2.02,5
0:00,Golden State Warriors - Atlanta Hawks,108:104,2.79,1.46,5
0:00,Phoenix Suns - Sacramento Kings,104:88,1.16,5.51,5
23:00,Minnesota Timberwolves - Oklahoma City Thunder,107:109,2.74,1.47,5
23:00,New Orleans Pelicans - Houston Rockets,102:94,1.74,2.14,5
22:00,Brooklyn Nets - Memphis Grizzlies,94:104,3.15,1.38,5
22:00,Detroit Pistons - San Antonio Spurs,109:101,2.7,1.49,5
19:30,Denver Nuggets - Boston Celtics,114:105,1.51,2.62,5
17:00,Orlando Magic - Cleveland Cavaliers,101:95,1.76,2.1,5
2:30,Los Angeles Clippers - Sacramento Kings,99:89,2.04,1.79,5
0:30,Dallas Mavericks - Miami Heat,97:91,1.14,5.76,5
0:30,Houston Rockets - Indiana Pacers,115:125,1.28,3.85,5
0:30,Milwaukee Bucks - Charlotte Hornets,93:88,1.63,2.33,5
0:00,Chicago Bulls - Philadelphia 76ers,122:90,1.46,2.76,5
23:30,New York Knicks - Oklahoma City Thunder,118:121,2.85,1.44,5
23:00,Toronto Raptors - Washington Wizards,109:104,1.35,3.38,4
2:30,Golden State Warriors - Utah Jazz,89:100,2.76,1.47,5
2:30,Portland Trail Blazers - Boston Celtics,76:96,1.62,2.35,5
1:00,Phoenix Suns - Atlanta Hawks,88:80,1.54,2.58,5
0:00,Brooklyn Nets - Toronto Raptors,89:106,2.15,1.73,5
0:00,Detroit Pistons - Milwaukee Bucks,85:91,1.93,1.88,5
0:00,Memphis Grizzlies - Miami Heat,87:100,1.34,3.36,5
0:00,Minnesota Timberwolves - Chicago Bulls,94:100,2.08,1.77,5
0:00,New Orleans Pelicans - Indiana Pacers,107:101,1.55,2.53,5
0:00,Orlando Magic - Dallas Mavericks,85:95,1.35,3.33,5
23:00,Charlotte Hornets - Cleveland Cavaliers,110:93,2.78,1.46,5
23:00,Philadelphia 76ers - San Antonio Spurs,106:94,2.33,1.63,5
23:00,Washington Wizards - Denver Nuggets,107:97,3.09,1.39,5
2:30,Los Angeles Lakers - Boston Celtics,86:87,1.65,2.3,5
0:00,Cleveland Cavaliers - Denver Nuggets,116:118,1.33,3.44,5
2:30,Golden State Warriors - Sacramento Kings,130:98,1.51,2.62,5
2:30,Los Angeles Clippers - Atlanta Hawks,92:110,3.37,1.34,5
1:00,Dallas Mavericks - Phoenix Suns,107:97,1.54,2.54,5
0:00,Milwaukee Bucks - Houston Rockets,99:127,1.42,2.95,5
0:00,New Orleans Pelicans - Utah Jazz,90:98,2.52,1.55,5
23:30,Brooklyn Nets - Miami Heat,84:87,3.43,1.33,5
23:30,New York Knicks - Chicago Bulls,109:115,1.75,2.11,5
23:00,Indiana Pacers - San Antonio Spurs,87:90,2.71,1.48,5
23:00,Orlando Magic - Detroit Pistons,116:91,1.12,6.39,5
23:00,Toronto Raptors - Memphis Grizzlies,102:109,1.32,3.48,5
23:00,Washington Wizards - Minnesota Timberwolves,108:99,1.47,2.76,5
2:30,Los Angeles Lakers - Golden State Warriors,104:94,1.05,10.45,5
2:00,Portland Trail Blazers - Los Angeles Clippers,109:87,1.3,3.65,5
2:00,Sacramento Kings - Boston Celtics,92:95,3.06,1.39,5
0:30,Houston Rockets - Utah Jazz,95:104,2.34,1.63,5
0:00,Chicago Bulls - New York Knicks,118:85,1.33,3.36,5
0:00,Memphis Grizzlies - Phoenix Suns,95:109,1.91,1.9,5
0:00,Oklahoma City Thunder - Dallas Mavericks,99:86,1.49,2.68,5
23:30,Detroit Pistons - Minnesota Timberwolves,108:85,1.43,2.91,5
23:00,Charlotte Hornets - Brooklyn Nets,94:103,1.12,6.42,5
23:00,Philadelphia 76ers - Miami Heat,78:105,1.74,2.13,5
0:00,West - East,139:141,2.18,1.72,5
1:00,Sophomores - Rookies,128:140,1.11,6.73,4
2:30,Denver Nuggets - San Antonio Spurs,92:111,1.4,3.02,5
0:00,Cleveland Cavaliers - Orlando Magic,115:106,1.39,3.09,5
2:30,Golden State Warriors - Los Angeles Clippers,132:102,2.1,1.76,5
1:00,Phoenix Suns - Portland Trail Blazers,101:108,1.19,5.06,5
1:00,Utah Jazz - Los Angeles Lakers,81:96,1.44,2.86,5
0:00,Chicago Bulls - Orlando Magic,87:107,2.67,1.5,5
0:00,Minnesota Timberwolves - Charlotte Hornets,92:93,2.12,1.74,5
0:00,New Orleans Pelicans - Boston Celtics,93:85,2.85,1.45,5
23:30,Brooklyn Nets - Milwaukee Bucks,77:97,2.79,1.46,5
23:30,Detroit Pistons - Sacramento Kings,97:103,1.53,2.57,5
23:00,Atlanta Hawks - Miami Heat,76:94,1.32,3.44,5
23:00,Toronto Raptors - Philadelphia 76ers,104:93,1.41,2.95,5
2:30,Los Angeles Clippers - Utah Jazz,99:109,2.72,1.47,5
2:00,Portland Trail Blazers - Oklahoma City Thunder,77:89,2.01,1.82,5
1:00,Denver Nuggets - Dallas Mavericks,127:91,1.32,3.45,5
0:00,Memphis Grizzlies - Atlanta Hawks,94:108,1.96,1.85,5
0:00,Milwaukee Bucks - Detroit Pistons,81:93,1.26,4.07,5
23:30,Miami Heat - Houston Rockets,99:66,1.47,2.74,5
23:30,New York Knicks - Sacramento Kings,114:118,1.44,2.85,5
23:00,Charlotte Hornets - Washington Wizards,94:92,1.25,4.07,5
23:00,Cleveland Cavaliers - Brooklyn Nets,104:97,1.02,17.8,5
23:00,Indiana Pacers - Chicago Bulls,101:109,1.75,2.12,5
23:00,Philadelphia 76ers - Minnesota Timberwolves,119:97,1.31,3.51,5
2:30,Golden State Warriors - Dallas Mavericks,117:127,2.73,1.47,5
2:30,Los Angeles Lakers - San Antonio Spurs,101:89,1.66,2.29,5
0:00,Orlando Magic - New Orleans Pelicans,123:117,1.17,5.29,5
18:30,Boston Celtics - Orlando Magic,89:96,1.64,2.32,5
16:00,Toronto Raptors - Sacramento Kings,115:104,1.25,4.13,5
2:30,Golden State Warriors - Oklahoma City Thunder,95:104,2.44,1.58,5
2:30,Los Angeles Clippers - San Antonio Spurs,81:98,2.36,1.62,5
2:00,Portland Trail Blazers - Los Angeles Lakers,82:99,2.17,1.72,5
1:00,Utah Jazz - Denver Nuggets,116:106,1.19,4.99,5
0:30,Houston Rockets - Philadelphia 76ers,95:102,1.43,2.88,5
0:30,Milwaukee Bucks - Indiana Pacers,93:81,1.35,3.32,5
0:00,Chicago Bulls - Miami Heat,95:91,1.86,1.96,5
0:00,Minnesota Timberwolves - Memphis Grizzlies,109:102,2.24,1.68,5
23:30,Cleveland Cavaliers - New York Knicks,113:106,1.08,8.67,5
23:30,Detroit Pistons - Brooklyn Nets,99:92,1.32,3.46,5
23:00,Charlotte Hornets - New Orleans Pelicans,99:104,1.21,4.62,5
2:30,Los Angeles Lakers - Denver Nuggets,113:126,1.25,4.04,5
2:00,Sacramento Kings - Phoenix Suns,102:114,2.26,1.66,5
0:30,Dallas Mavericks - Minnesota Timberwolves,108:117,1.16,5.51,5
0:00,Atlanta Hawks - Chicago Bulls,91:81,1.25,4.11,5
0:00,Memphis Grizzlies - Houston Rockets,83:101,1.46,2.78,5
0:00,New Orleans Pelicans - Philadelphia 76ers,94:101,1.71,2.18,5
23:30,Boston Celtics - Brooklyn Nets,96:87,1.07,8.98,5
23:30,New York Knicks - Milwaukee Bucks,107:114,1.77,2.09,5
23:00,Indiana Pacers - Detroit Pistons,107:83,1.63,2.34,5
23:00,Orlando Magic - Washington Wizards,91:92,1.07,9.13,5
2:30,Portland Trail Blazers - San Antonio Spurs,96:93,2.15,1.73,5
0:00,Cleveland Cavaliers - Miami Heat,102:86,1.16,5.43,5
2:30,Denver Nuggets - Phoenix Suns,97:109,1.39,3.07,5
2:30,Los Angeles Lakers - Charlotte Hornets,99:97,1.15,5.98,5
2:00,Sacramento Kings - San Antonio Spurs,113:115,2.66,1.5,5
1:00,Utah Jazz - Portland Trail Blazers,118:105,1.29,3.79,5
0:30,Dallas Mavericks - Golden State Warriors,110:101,1.1,7.76,5
0:00,Boston Celtics - Miami Heat,107:102,1.41,2.97,5
0:00,New Orleans Pelicans - Oklahoma City Thunder,99:103,2.15,1.72,5
23:30,New York Knicks - Washington Wizards,107:85,1.39,3.08,5
23:00,Atlanta Hawks - Los Angeles Clippers,103:97,1.18,5.09,5
23:00,Philadelphia 76ers - Chicago Bulls,106:103,1.77,2.07,5
23:00,Toronto Raptors - Brooklyn Nets,108:99,1.12,6.31,5
0:30,Houston Rockets - Golden State Warriors,119:97,1.31,3.48,5
0:00,Chicago Bulls - Los Angeles Clippers,82:90,1.28,3.71,4
0:00,Oklahoma City Thunder - Atlanta Hawks,106:99,1.79,2.03,5
23:30,Brooklyn Nets - Detroit Pistons,93:97,2.24,1.66,4
23:00,Cleveland Cavaliers - Memphis Grizzlies,105:89,1.13,5.78,5
23:00,Indiana Pacers - Toronto Raptors,130:115,2.02,1.79,4
23:00,Orlando Magic - Milwaukee Bucks,99:82,1.18,5.04,5
2:00,Portland Trail Blazers - Charlotte Hornets,98:79,1.75,2.11,5
1:00,Denver Nuggets - Sacramento Kings,112:109,1.12,6.41,5
1:00,Utah Jazz - Dallas Mavericks,104:92,1.56,2.48,5
0:00,Memphis Grizzlies - Los Angeles Lakers,95:93,1.91,1.9,5
0:00,New Orleans Pelicans - Phoenix Suns,100:109,1.89,1.92,5
23:30,Miami Heat - Milwaukee Bucks,81:97,1.38,3.16,5
23:00,Washington Wizards - Boston Celtics,88:99,2.92,1.42,5
23:00,Houston Rockets - Phoenix Suns,111:115,1.59,2.42,5
23:00,Minnesota Timberwolves - New York Knicks,112:91,1.73,2.14,5
23:00,Oklahoma City Thunder - Golden State Warriors,112:104,1.23,4.37,5
22:00,Brooklyn Nets - Philadelphia 76ers,79:83,2.97,1.41,5
22:00,Cleveland Cavaliers - Los Angeles Clippers,114:89,1.09,8.21,5
22:00,Detroit Pistons - Orlando Magic,86:91,2.78,1.46,5
22:00,Toronto Raptors - Indiana Pacers,117:102,1.21,4.61,5
19:30,Boston Celtics - Los Angeles Lakers,89:90,1.99,1.84,5
17:00,San Antonio Spurs - Denver Nuggets,89:103,1.4,2.96,5
2:00,Sacramento Kings - Charlotte Hornets,96:103,1.99,1.83,5
1:00,Dallas Mavericks - Portland Trail Blazers,112:114,1.22,4.47,5
0:30,Milwaukee Bucks - Miami Heat,95:84,1.53,2.56,5
0:00,Memphis Grizzlies - New Orleans Pelicans,102:109,1.32,3.5,5
0:00,Washington Wizards - New York Knicks,106:96,2.05,1.79,5
23:00,Orlando Magic - Atlanta Hawks,104:86,1.42,2.95,5
2:30,Golden State Warriors - Charlotte Hornets,110:121,2.09,1.76,5
1:00,Utah Jazz - Sacramento Kings,101:94,1.21,4.58,5
0:30,Houston Rockets - Portland Trail Blazers,104:100,1.45,2.8,5
0:30,San Antonio Spurs - Memphis Grizzlies,104:97,1.45,2.83,5
0:00,Brooklyn Nets - Washington Wizards,79:81,2.39,1.6,5
0:00,Detroit Pistons - Miami Heat,65:92,2.12,1.75,5
0:00,Minnesota Timberwolves - Los Angeles Clippers,111:97,1.87,1.93,5
0:00,New Orleans Pelicans - Chicago Bulls,106:108,1.52,2.61,5
0:00,Oklahoma City Thunder - Denver Nuggets,101:84,1.74,2.13,5
23:30,Atlanta Hawks - Boston Celtics,100:91,1.56,2.48,5
23:00,Indiana Pacers - Cleveland Cavaliers,73:94,3.23,1.36,5
23:00,Philadelphia 76ers - Los Angeles Lakers,91:99,3.38,1.34,5
2:30,Phoenix Suns - Dallas Mavericks,112:106,1.77,2.06,5
0:00,Orlando Magic - Boston Celtics,96:94,1.58,2.43,5
23:30,New York Knicks - Toronto Raptors,104:106,1.59,2.4,5
2:30,Golden State Warriors - New Orleans Pelicans,110:123,2.09,1.76,5
2:00,Portland Trail Blazers - Utah Jazz,95:106,2.24,1.68,5
0:30,Houston Rockets - Denver Nuggets,92:97,1.7,2.2,5
0:30,San Antonio Spurs - Atlanta Hawks,105:90,1.63,2.34,5
0:00,Milwaukee Bucks - Philadelphia 76ers,91:88,1.7,2.21,5
0:00,Oklahoma City Thunder - Chicago Bulls,86:96,1.41,3,5
23:30,Brooklyn Nets - Los Angeles Clippers,103:87,3.39,1.33,5
23:30,Detroit Pistons - Memphis Grizzlies,93:99,2.05,1.79,5
23:00,Cleveland Cavaliers - Minnesota Timberwolves,109:95,1.06,10.1,5
23:00,Indiana Pacers - Los Angeles Lakers,96:118,3.08,1.39,5
23:00,Toronto Raptors - Miami Heat,111:103,1.62,2.34,5
2:00,Sacramento Kings - Golden State Warriors,99:96,1.38,3.15,5
1:00,Phoenix Suns - Charlotte Hornets,109:114,1.42,2.94,5
0:30,Dallas Mavericks - Milwaukee Bucks,108:107,1.33,3.44,5
23:30,New York Knicks - Minnesota Timberwolves,132:105,1.35,3.3,5
23:00,Washington Wizards - Los Angeles Lakers,103:115,4.26,1.24,5
2:00,Portland Trail Blazers - New Orleans Pelicans,97:98,1.67,2.25,5
1:00,Denver Nuggets - Charlotte Hornets,104:93,1.42,2.96,5
1:00,Utah Jazz - Phoenix Suns,124:115,1.32,3.51,5
0:30,Houston Rockets - Atlanta Hawks,95:102,1.87,1.94,5
0:30,San Antonio Spurs - Chicago Bulls,93:98,1.24,4.28,5
0:00,Memphis Grizzlies - Orlando Magic,99:94,2.06,1.78,5
23:30,Boston Celtics - Los Angeles Clippers,95:89,1.1,7.46,5
23:30,Miami Heat - Cleveland Cavaliers,91:92,1.89,1.92,5
23:00,Philadelphia 76ers - Indiana Pacers,98:109,1.41,2.97,5
22:00,Toronto Raptors - Los Angeles Lakers,106:105,2.53,1.53,5
17:00,New York Knicks - Dallas Mavericks,78:128,2,1.83,5
17:00,Washington Wizards - Los Angeles Clippers,78:92,1.62,2.36,5
1:00,Denver Nuggets - New Orleans Pelicans,116:110,1.1,7.26,5
1:00,Phoenix Suns - Golden State Warriors,112:103,1.11,7.43,5
1:00,Utah Jazz - Brooklyn Nets,116:83,1.02,15.75,5
0:30,Houston Rockets - Chicago Bulls,97:104,1.37,3.14,5
0:30,Milwaukee Bucks - Minnesota Timberwolves,127:94,1.26,3.94,5
23:30,Cleveland Cavaliers - Oklahoma City Thunder,100:99,1.27,3.98,5
23:30,Detroit Pistons - Portland Trail Blazers,93:97,1.68,2.24,5
23:30,Miami Heat - Sacramento Kings,115:84,1.3,3.63,5
23:00,Charlotte Hornets - Orlando Magic,95:106,1.94,1.87,5
23:00,Indiana Pacers - Philadelphia 76ers,97:107,1.73,2.15,5
2:30,Golden State Warriors - Brooklyn Nets,111:79,1.31,3.57,5
2:30,Phoenix Suns - Chicago Bulls,104:115,1.33,3.45,5
0:30,San Antonio Spurs - Houston Rockets,109:116,1.38,3.14,5
0:00,Detroit Pistons - Indiana Pacers,93:105,1.58,2.45,5
0:00,Memphis Grizzlies - Oklahoma City Thunder,86:84,1.59,2.42,5
0:00,Minnesota Timberwolves - New Orleans Pelicans,94:96,2.41,1.59,5
0:00,New York Knicks - Los Angeles Lakers,105:115,3,1.41,5
23:30,Atlanta Hawks - Charlotte Hornets,103:89,1.32,3.47,5
23:30,Boston Celtics - Portland Trail Blazers,98:95,1.11,6.83,5
23:00,Orlando Magic - Sacramento Kings,100:84,1.16,5.35,5
23:00,Philadelphia 76ers - Dallas Mavericks,92:81,2.24,1.68,5
23:00,Toronto Raptors - Milwaukee Bucks,101:96,1.32,3.55,5
23:00,Washington Wizards - Miami Heat,88:112,2.24,1.68,5
2:30,Denver Nuggets - Los Angeles Clippers,105:85,1.14,5.88,5
0:00,Cleveland Cavaliers - Los Angeles Lakers,93:87,1.69,2.23,5
2:30,Golden State Warriors - Denver Nuggets,118:123,2.89,1.43,5
2:30,Los Angeles Clippers - Chicago Bulls,104:97,1.57,2.47,5
1:00,Phoenix Suns - Brooklyn Nets,118:94,1.06,10.45,5
1:00,San Antonio Spurs - Utah Jazz,98:105,1.4,3.04,5
0:00,Milwaukee Bucks - Toronto Raptors,113:107,1.7,2.19,5
0:00,New Orleans Pelicans - Memphis Grizzlies,113:111,1.62,2.35,5
0:00,Minnesota Timberwolves - Oklahoma City Thunder,92:94,3.4,1.33,5
23:30,Detroit Pistons - Boston Celtics,92:86,3.07,1.4,5
23:00,Atlanta Hawks - Sacramento Kings,108:97,1.17,5.2,5
23:00,Charlotte Hornets - Miami Heat,104:65,1.54,2.55,5
23:00,Orlando Magic - Indiana Pacers,109:98,1.1,7.55,5
23:00,Philadelphia 76ers - Portland Trail Blazers,90:98,1.98,1.84,5
23:00,Washington Wizards - Dallas Mavericks,93:94,2.55,1.54,5
23:30,Miami Heat - Indiana Pacers,113:83,1.35,3.29,5
23:00,Cleveland Cavaliers - Toronto Raptors,108:100,1.14,5.7,5
2:30,Los Angeles Lakers - Orlando Magic,98:92,1.38,3.14,5
0:00,Boston Celtics - Dallas Mavericks,90:99,1.48,2.73,5
21:30,Memphis Grizzlies - Phoenix Suns,125:118,1.75,2.12,5
20:00,Golden State Warriors - Chicago Bulls,114:97,2.14,1.74,5
19:30,Los Angeles Clippers - Brooklyn Nets,106:95,1.25,4.11,5
19:30,Minnesota Timberwolves - Philadelphia 76ers,108:103,2.24,1.68,5
19:30,New Orleans Pelicans - San Antonio Spurs,90:97,1.89,1.92,5
19:00,Houston Rockets - Milwaukee Bucks,101:98,1.34,3.31,5
18:00,Atlanta Hawks - Oklahoma City Thunder,91:94,1.4,3.05,5
18:00,Charlotte Hornets - Sacramento Kings,105:103,1.34,3.37,5
17:00,New York Knicks - Detroit Pistons,99:91,1.28,3.75,5
17:00,Washington Wizards - Portland Trail Blazers,97:92,1.77,2.06,5
1:00,Denver Nuggets - Utah Jazz,119:112,1.32,3.49,4
16:30,Toronto Raptors - Dallas Mavericks,110:88,1.92,1.89,4
2:30,Los Angeles Clippers - Cleveland Cavaliers,101:102,4.23,1.24,5
1:00,Utah Jazz - Milwaukee Bucks,112:95,1.15,5.59,5
0:00,Memphis Grizzlies - San Antonio Spurs,92:86,1.83,1.99,5
0:00,Oklahoma City Thunder - Miami Heat,98:80,1.54,2.54,5
23:30,Detroit Pistons - New York Knicks,94:90,1.86,1.96,5
23:00,Charlotte Hornets - Phoenix Suns,125:99,1.68,2.23,5
23:00,Washington Wizards - Sacramento Kings,96:86,2,1.82,5
22:00,Indiana Pacers - New Orleans Pelicans,96:101,1.72,2.17,5
2:30,Golden State Warriors - Milwaukee Bucks,104:113,1.57,2.45,5
2:30,Los Angeles Lakers - Los Angeles Clippers,126:86,1.12,6.47,5
2:30,Portland Trail Blazers - Orlando Magic,102:87,2.85,1.44,5
0:30,Dallas Mavericks - Oklahoma City Thunder,99:98,1.45,2.82,5
0:30,Houston Rockets - Miami Heat,106:115,1.51,2.63,5
0:00,Atlanta Hawks - Phoenix Suns,102:101,1.42,2.95,5
0:00,Brooklyn Nets - Indiana Pacers,105:121,2.26,1.66,5
0:00,Chicago Bulls - Washington Wizards,121:119,1.4,3.04,5
0:00,Detroit Pistons - New Orleans Pelicans,110:104,2.19,1.7,5
0:00,Memphis Grizzlies - Minnesota Timberwolves,135:110,1.28,3.79,5
0:00,New York Knicks - Toronto Raptors,104:112,1.73,2.15,5
23:00,Charlotte Hornets - San Antonio Spurs,92:76,2.11,1.75,5
23:00,Philadelphia 76ers - Sacramento Kings,98:86,1.64,2.31,5
2:30,Utah Jazz - Cleveland Cavaliers,97:96,1.87,1.95,5
0:00,Boston Celtics - Chicago Bulls,83:96,1.34,3.35,5
2:30,Golden State Warriors - Miami Heat,102:115,1.7,2.18,5
2:00,Portland Trail Blazers - Milwaukee Bucks,120:108,1.37,3.18,5
1:00,Denver Nuggets - Orlando Magic,115:97,1.44,2.86,5
0:30,Dallas Mavericks - Los Angeles Lakers,95:100,1.38,3.12,5
0:30,Houston Rockets - Minnesota Timberwolves,120:114,1.2,4.81,5
0:00,New Orleans Pelicans - Los Angeles Clippers,108:94,1.27,3.86,5
0:00,Oklahoma City Thunder - San Antonio Spurs,108:109,1.58,2.45,5
23:30,Brooklyn Nets - Boston Celtics,87:111,3.99,1.26,5
23:00,Atlanta Hawks - Washington Wizards,94:82,1.12,6.6,5
23:00,Indiana Pacers - Phoenix Suns,122:114,2.56,1.53,5
23:00,Philadelphia 76ers - New York Knicks,92:93,1.68,2.24,5
2:00,Sacramento Kings - Orlando Magic,88:109,2.54,1.53,5
0:30,San Antonio Spurs - Los Angeles Lakers,105:85,1.64,2.33,5
0:00,Memphis Grizzlies - Los Angeles Clippers,104:102,1.39,3.07,5
23:00,Charlotte Hornets - Houston Rockets,102:94,1.71,2.19,5
23:00,Washington Wizards - Detroit Pistons,90:99,1.43,2.9,5
2:30,Golden State Warriors - Cleveland Cavaliers,114:117,3.03,1.39,5
1:00,Denver Nuggets - Minnesota Timberwolves,105:94,1.05,10.75,5
1:00,Phoenix Suns - Milwaukee Bucks,105:101,1.17,5.27,5
1:00,Utah Jazz - Miami Heat,118:89,1.29,3.73,5
0:00,Chicago Bulls - Detroit Pistons,120:87,1.41,2.96,5
0:00,Oklahoma City Thunder - New York Knicks,106:88,1.45,2.82,5
23:30,Boston Celtics - Atlanta Hawks,96:102,1.53,2.56,5
23:00,Indiana Pacers - Toronto Raptors,105:101,1.77,2.07,5
23:00,Philadelphia 76ers - New Orleans Pelicans,96:92,1.76,2.1,5
1:30,Los Angeles Lakers - Milwaukee Bucks,95:77,1.18,5.08,4
1:00,Portland Trail Blazers - Cleveland Cavaliers,94:106,2.81,1.45,4
23:00,San Antonio Spurs - Brooklyn Nets,97:85,1.06,11.5,4
19:30,Los Angeles Clippers - Miami Heat,94:84,1.83,1.99,4
17:00,Toronto Raptors - Boston Celtics,107:114,2,1.82,4
17:00,Washington Wizards - New Orleans Pelicans,110:115,1.92,1.92,4
2:00,Sacramento Kings - Denver Nuggets,102:100,1.8,2.04,4
0:30,Dallas Mavericks - Utah Jazz,93:111,1.36,3.22,4
0:30,Houston Rockets - New York Knicks,105:96,1.35,3.35,4
0:00,Chicago Bulls - Minnesota Timberwolves,110:96,1.25,4.19,4
0:00,Oklahoma City Thunder - Indiana Pacers,108:102,1.21,4.6,4
23:30,Detroit Pistons - Philadelphia 76ers,94:104,1.48,2.7,4
23:00,Charlotte Hornets - Memphis Grizzlies,89:87,1.39,3.09,4
23:00,Orlando Magic - Atlanta Hawks,113:81,1.59,2.42,4
2:30,Denver Nuggets - Cleveland Cavaliers,99:97,2.56,1.53,5
2:30,Golden State Warriors - Sacramento Kings,108:101,1.49,2.68,5
2:00,Portland Trail Blazers - Los Angeles Lakers,107:98,2.57,1.53,5
1:00,Phoenix Suns - Miami Heat,105:109,1.39,3.09,5
0:30,Milwaukee Bucks - Chicago Bulls,96:93,1.54,2.5,5
0:30,San Antonio Spurs - Dallas Mavericks,103:112,1.49,2.7,5
0:00,Atlanta Hawks - Boston Celtics,93:85,1.57,2.49,5
0:00,Memphis Grizzlies - Utah Jazz,91:89,1.54,2.54,5
0:00,Minnesota Timberwolves - Indiana Pacers,116:109,1.59,2.37,5
0:00,New Orleans Pelicans - Brooklyn Nets,103:99,1.15,5.58,5
23:00,Philadelphia 76ers - Toronto Raptors,106:108,1.76,2.1,5
23:00,Washington Wizards - Orlando Magic,104:97,3.89,1.28,5
23:30,New York Knicks - Charlotte Hornets,97:93,1.59,2.42,5
2:30,Los Angeles Clippers - Los Angeles Lakers,102:91,2.87,1.44,5
1:00,Phoenix Suns - Houston Rockets,118:110,1.49,2.7,5
1:00,Utah Jazz - Memphis Grizzlies,117:94,1.43,2.9,5
0:30,San Antonio Spurs - Detroit Pistons,112:92,1.16,5.54,5
0:00,Minnesota Timberwolves - Golden State Warriors,101:107,1.7,2.2,5
0:00,Oklahoma City Thunder - New Orleans Pelicans,92:97,1.52,2.63,5
23:30,Miami Heat - Boston Celtics,106:112,1.91,1.91,5
23:00,Atlanta Hawks - Brooklyn Nets,119:89,1.05,11.15,5
23:00,Cleveland Cavaliers - Washington Wizards,121:98,1.05,11.2,5
23:00,Orlando Magic - Toronto Raptors,103:108,1.28,3.77,5
2:30,Los Angeles Lakers - Houston Rockets,88:79,1.3,3.64,5
2:00,Portland Trail Blazers - Memphis Grizzlies,105:109,1.84,1.95,5
2:00,Sacramento Kings - Phoenix Suns,109:113,2.27,1.66,5
1:00,Denver Nuggets - Golden State Warriors,123:122,1.4,3.04,5
0:30,Dallas Mavericks - Detroit Pistons,98:93,1.22,4.52,5
23:30,Brooklyn Nets - Milwaukee Bucks,76:98,2.02,1.81,5
23:00,Charlotte Hornets - Chicago Bulls,113:108,1.36,3.22,5
23:00,Indiana Pacers - Orlando Magic,97:90,6.73,1.12,5
23:00,Philadelphia 76ers - Washington Wizards,97:104,1.46,2.77,5
2:30,Los Angeles Clippers - Portland Trail Blazers,105:95,1.54,2.53,5
1:00,Utah Jazz - New Orleans Pelicans,87:91,1.26,3.96,5
0:00,Chicago Bulls - Oklahoma City Thunder,85:98,1.7,2.2,5
23:30,Miami Heat - Atlanta Hawks,92:75,2.13,1.74,5
1:30,Los Angeles Lakers - Dallas Mavericks,131:96,1.35,3.29,5
0:00,Denver Nuggets - Philadelphia 76ers,105:108,1.54,2.55,5
22:00,Cleveland Cavaliers - Charlotte Hornets,88:91,1.12,6.82,5
22:00,New York Knicks - Indiana Pacers,132:89,1.21,4.6,5
22:00,Toronto Raptors - San Antonio Spurs,91:86,2.3,1.63,5
2:00,Portland Trail Blazers - Golden State Warriors,105:89,1.62,2.34,5
2:00,Sacramento Kings - Dallas Mavericks,91:99,2.57,1.53,5
1:00,Phoenix Suns - Memphis Grizzlies,103:128,1.27,3.92,5
1:00,Utah Jazz - Denver Nuggets,95:105,1.31,3.54,5
0:30,Milwaukee Bucks - Oklahoma City Thunder,103:97,1.79,2.05,5
0:00,Chicago Bulls - Orlando Magic,101:93,2.33,1.63,5
0:00,New Orleans Pelicans - Houston Rockets,99:95,1.7,2.21,5
23:30,Boston Celtics - Toronto Raptors,103:96,1.63,2.32,5
23:00,Indiana Pacers - Minnesota Timberwolves,122:111,1.53,2.56,5
23:00,Washington Wizards - San Antonio Spurs,86:97,3.22,1.37,5
19:30,Miami Heat - Charlotte Hornets,97:107,1.45,2.81,5
17:00,Brooklyn Nets - Cleveland Cavaliers,86:94,5.62,1.15,5
2:30,Los Angeles Lakers - Sacramento Kings,109:108,1.1,7.89,5
0:00,Minnesota Timberwolves - Orlando Magic,94:106,3.95,1.26,5
23:30,Atlanta Hawks - New York Knicks,108:112,1.12,6.69,5
1:30,Los Angeles Clippers - Philadelphia 76ers,104:88,1.84,2,5
0:00,Oklahoma City Thunder - Utah Jazz,87:86,1.63,2.33,5
23:00,Houston Rockets - Dallas Mavericks,97:94,2.01,1.81,5
23:00,San Antonio Spurs - Miami Heat,108:78,1.26,3.96,5
19:00,Detroit Pistons - Chicago Bulls,87:98,1.54,2.54,5
2:00,Portland Trail Blazers - Los Angeles Clippers,103:99,1.33,3.45,5
2:00,Sacramento Kings - Philadelphia 76ers,106:116,1.73,2.15,5
1:00,Phoenix Suns - Boston Celtics,116:98,1.48,2.73,5
0:00,New Orleans Pelicans - Miami Heat,95:91,2,1.83,5
0:00,Minnesota Timberwolves - Utah Jazz,103:107,3.93,1.26,5
23:30,Brooklyn Nets - New York Knicks,104:95,2.24,1.68,5
23:00,Cleveland Cavaliers - Atlanta Hawks,106:101,1.39,3.1,5
23:00,Indiana Pacers - Memphis Grizzlies,110:121,2.28,1.66,5
23:00,Orlando Magic - Milwaukee Bucks,117:92,1.15,5.61,5
23:00,Toronto Raptors - Charlotte Hornets,107:103,1.41,2.97,5
2:30,Los Angeles Lakers - Golden State Warriors,124:118,1.1,7.17,5
0:30,Houston Rockets - New Orleans Pelicans,108:100,1.39,3.09,5
0:30,San Antonio Spurs - Minnesota Timberwolves,117:99,1.11,7.08,5
0:00,Chicago Bulls - Indiana Pacers,104:95,1.34,3.38,5
23:30,Detroit Pistons - New York Knicks,87:104,1.48,2.71,5
23:00,Atlanta Hawks - Cleveland Cavaliers,84:95,1.73,2.15,5
23:00,Washington Wizards - Oklahoma City Thunder,98:110,1.96,1.85,5
2:30,Golden State Warriors - Boston Celtics,103:99,2.87,1.43,5
2:00,Portland Trail Blazers - Philadelphia 76ers,93:104,1.38,3.15,5
2:00,Sacramento Kings - Denver Nuggets,106:101,2.05,1.79,5
1:00,Phoenix Suns - Los Angeles Lakers,118:103,2.01,1.83,5
0:00,Memphis Grizzlies - Washington Wizards,116:111,1.44,2.85,5
23:30,Brooklyn Nets - Oklahoma City Thunder,89:105,2.94,1.43,5
23:00,Charlotte Hornets - Milwaukee Bucks,94:84,1.53,2.55,5
1:30,Los Angeles Clippers - Boston Celtics,92:90,4.36,1.22,5
0:00,Denver Nuggets - Dallas Mavericks,96:104,1.41,2.95,5
22:00,Cleveland Cavaliers - Houston Rockets,108:83,1.22,4.44,5
22:00,Miami Heat - Indiana Pacers,114:80,1.24,4.26,5
22:00,New York Knicks - San Antonio Spurs,88:95,2.37,1.59,5
17:00,Toronto Raptors - Detroit Pistons,102:95,1.59,2.42,5
2:30,Golden State Warriors - Phoenix Suns,132:127,2.32,1.64,5
2:00,Sacramento Kings - Los Angeles Lakers,103:112,3.23,1.36,5
1:00,Utah Jazz - Philadelphia 76ers,97:76,1.29,3.7,5
0:30,Milwaukee Bucks - San Antonio Spurs,97:112,2.16,1.73,5
0:00,Chicago Bulls - New Orleans Pelicans,96:85,1.74,2.13,5
0:00,Minnesota Timberwolves - Washington Wizards,101:89,2.15,1.74,4
0:00,Oklahoma City Thunder - Charlotte Hornets,98:91,1.38,3.13,5
23:30,Brooklyn Nets - Houston Rockets,93:98,4.38,1.22,5
23:00,Indiana Pacers - Atlanta Hawks,98:110,3.19,1.36,5
19:00,Dallas Mavericks - Memphis Grizzlies,106:101,1.22,4.48,5
2:30,Portland Trail Blazers - Denver Nuggets,107:96,2.24,1.68,5
0:00,Phoenix Suns - Los Angeles Clippers,124:93,1.17,5.31,5
21:00,Los Angeles Lakers - Cleveland Cavaliers,87:102,1.38,3.11,5
18:30,Orlando Magic - Boston Celtics,77:86,1.45,2.84,5
16:00,New York Knicks - Miami Heat,87:93,1.77,2.08,5
2:00,Sacramento Kings - Cleveland Cavaliers,104:117,3.15,1.38,5
1:00,Denver Nuggets - Atlanta Hawks,124:104,1.6,2.4,5
1:00,Phoenix Suns - Oklahoma City Thunder,113:117,1.21,4.56,5
0:30,San Antonio Spurs - Portland Trail Blazers,94:98,1.1,7.79,5
0:00,Milwaukee Bucks - Washington Wizards,97:109,1.28,3.79,5
0:00,New Orleans Pelicans - Golden State Warriors,108:102,1.15,5.55,5
23:30,Brooklyn Nets - Minnesota Timberwolves,99:103,1.54,2.53,5
23:30,Detroit Pistons - Toronto Raptors,64:94,1.9,1.92,5
23:30,Miami Heat - Utah Jazz,80:70,1.89,1.92,5
23:00,Orlando Magic - Houston Rockets,102:87,1.21,4.6,5
2:30,Los Angeles Lakers - Oklahoma City Thunder,111:108,1.16,5.54,5
0:30,Dallas Mavericks - Portland Trail Blazers,81:85,1.41,3,5
0:30,Houston Rockets - Los Angeles Clippers,108:99,1.23,4.34,5
0:00,Memphis Grizzlies - Golden State Warriors,121:108,1.27,3.95,5
0:00,Minnesota Timberwolves - Atlanta Hawks,87:112,4.47,1.22,5
23:30,Boston Celtics - Indiana Pacers,103:94,1.03,13.4,5
23:30,New York Knicks - Chicago Bulls,88:81,1.39,3.07,5
23:00,Charlotte Hornets - Detroit Pistons,88:76,1.41,3,5
23:00,Washington Wizards - Philadelphia 76ers,105:98,1.78,2.07,5
1:00,Phoenix Suns - Cleveland Cavaliers,91:109,1.69,2.22,5
0:30,San Antonio Spurs - Los Angeles Clippers,103:87,1.2,4.72,5
0:00,Chicago Bulls - Sacramento Kings,98:102,1.52,2.59,5
23:00,Indiana Pacers - Milwaukee Bucks,81:84,1.83,1.98,5
23:00,Orlando Magic - Utah Jazz,104:99,1.25,4.1,5
23:30,Dallas Mavericks - Cleveland Cavaliers,102:95,2.45,1.58,5
23:30,New York Knicks - Charlotte Hornets,98:94,1.41,3,5
22:00,Boston Celtics - Minnesota Timberwolves,122:104,1.05,12.2,5
22:00,Detroit Pistons - Los Angeles Lakers,81:93,3.91,1.27,5
22:00,Miami Heat - Portland Trail Blazers,95:102,1.45,2.81,5
20:00,Memphis Grizzlies - Denver Nuggets,102:96,2.04,1.82,4
16:30,Toronto Raptors - New Orleans Pelicans,98:92,1.82,1.99,5
1:00,Phoenix Suns - Washington Wizards,121:95,1.15,5.69,4
0:30,Houston Rockets - Oklahoma City Thunder,95:90,1.6,2.4,5
0:30,Milwaukee Bucks - Sacramento Kings,95:96,1.34,3.37,5
0:30,San Antonio Spurs - Indiana Pacers,100:99,1.1,7.41,5
0:00,Brooklyn Nets - Los Angeles Lakers,84:103,10.69,1.07,4
0:00,Chicago Bulls - Atlanta Hawks,101:98,2.7,1.49,5
23:30,Philadelphia 76ers - Los Angeles Clippers,107:112,1.59,2.45,4
23:00,Charlotte Hornets - Utah Jazz,102:110,1.69,2.2,5
23:00,Orlando Magic - Portland Trail Blazers,92:83,1.22,4.46,5
2:30,Golden State Warriors - Washington Wizards,109:118,1.66,2.27,5
0:30,Dallas Mavericks - Houston Rockets,108:116,1.43,2.91,5
0:00,Cleveland Cavaliers - Milwaukee Bucks,85:82,1.16,5.49,5
0:00,Memphis Grizzlies - Indiana Pacers,107:94,1.37,3.16,5
0:00,Minnesota Timberwolves - Sacramento Kings,112:96,2.04,1.8,5
0:00,New Orleans Pelicans - Denver Nuggets,98:92,1.97,1.84,5
0:00,New York Knicks - Los Angeles Clippers,95:91,1.77,2.07,5
0:00,Oklahoma City Thunder - Detroit Pistons,109:98,1.48,2.74,5
23:30,Atlanta Hawks - Utah Jazz,96:83,1.38,3.11,5
23:30,Boston Celtics - Philadelphia 76ers,97:98,1.11,7.09,5
23:00,Toronto Raptors - Brooklyn Nets,118:95,1.28,3.86,5
2:30,Portland Trail Blazers - Phoenix Suns,105:102,1.82,2.01,5
0:00,Chicago Bulls - New York Knicks,98:89,1.68,2.24,5
0:00,Miami Heat - Orlando Magic,104:86,2.6,1.53,5
2:30,Golden State Warriors - San Antonio Spurs,91:103,2.95,1.41,5
2:30,Sacramento Kings - Washington Wizards,112:109,1.62,2.35,5
1:00,Denver Nuggets - Houston Rockets,111:101,1.22,4.4,5
0:00,Milwaukee Bucks - Los Angeles Lakers,106:107,2.85,1.44,5
0:00,New Orleans Pelicans - Detroit Pistons,95:87,1.42,2.94,5
0:00,Minnesota Timberwolves - Los Angeles Clippers,95:120,1.85,1.97,5
0:00,Oklahoma City Thunder - Dallas Mavericks,86:100,2.1,1.76,5
23:30,Brooklyn Nets - Utah Jazz,92:108,4.51,1.22,5
23:00,Atlanta Hawks - Memphis Grizzlies,110:97,1.19,5,5
23:00,Indiana Pacers - Charlotte Hornets,101:98,1.57,2.45,5
23:00,Orlando Magic - Toronto Raptors,118:99,1.12,6.83,5
23:00,Philadelphia 76ers - Cleveland Cavaliers,101:108,3.1,1.38,5
2:00,Portland Trail Blazers - Sacramento Kings,95:88,1.32,3.47,5
1:00,Phoenix Suns - San Antonio Spurs,116:104,1.79,2.04,5
0:30,Houston Rockets - Detroit Pistons,107:96,1.42,2.91,5
0:00,Chicago Bulls - Los Angeles Lakers,87:96,5.29,1.17,5
23:30,Miami Heat - Toronto Raptors,115:95,1.36,3.24,5
23:00,Charlotte Hornets - New York Knicks,94:87,1.47,2.74,5
23:00,Cleveland Cavaliers - Brooklyn Nets,99:89,1.03,13.9,5
2:30,Los Angeles Clippers - Washington Wizards,97:95,1.77,2.07,5
1:00,Denver Nuggets - Oklahoma City Thunder,102:93,1.16,5.41,5
1:00,Utah Jazz - Minnesota Timberwolves,108:110,1.05,11.25,5
0:30,Dallas Mavericks - New Orleans Pelicans,94:90,1.21,4.65,5
0:00,Memphis Grizzlies - Boston Celtics,105:110,3.69,1.29,5
23:00,Orlando Magic - Indiana Pacers,106:98,1.08,9.08,5
23:00,Philadelphia 76ers - Golden State Warriors,117:101,1.53,2.59,5
1:30,Los Angeles Clippers - San Antonio Spurs,90:115,2.91,1.43,5
23:00,Oklahoma City Thunder - Cleveland Cavaliers,89:102,2.43,1.59,5
22:00,Miami Heat - Memphis Grizzlies,90:118,1.37,3.2,5
21:00,Atlanta Hawks - Brooklyn Nets,130:107,1.09,8.39,5
16:30,Toronto Raptors - Houston Rockets,101:88,2.04,1.81,5
2:00,Sacramento Kings - Minnesota Timberwolves,120:100,1.3,3.59,5
1:00,Denver Nuggets - Phoenix Suns,105:99,1.22,4.48,5
1:00,Utah Jazz - Los Angeles Lakers,102:94,1.78,2.06,5
0:30,Dallas Mavericks - Charlotte Hornets,98:97,1.29,3.71,5
0:30,Milwaukee Bucks - Portland Trail Blazers,108:101,1.59,2.42,5
0:00,Chicago Bulls - Boston Celtics,80:106,5.25,1.16,5
23:30,Detroit Pistons - Golden State Warriors,104:95,1.4,2.97,5
23:00,Washington Wizards - Indiana Pacers,113:114,1.29,3.68,5
2:30,Los Angeles Lakers - Minnesota Timberwolves,104:92,1.03,15.4,5
2:30,Phoenix Suns - Orlando Magic,106:103,1.66,2.27,5
0:30,San Antonio Spurs - Charlotte Hornets,104:85,1.28,3.82,5
0:00,Chicago Bulls - Golden State Warriors,96:91,1.48,2.71,5
0:00,Cleveland Cavaliers - Portland Trail Blazers,104:99,1.15,5.55,5
0:00,Memphis Grizzlies - Oklahoma City Thunder,94:102,1.73,2.14,5
0:00,New Orleans Pelicans - New York Knicks,96:113,1.32,3.45,5
23:30,Miami Heat - Dallas Mavericks,93:106,1.96,1.86,5
23:00,Indiana Pacers - Brooklyn Nets,107:91,1.56,2.48,5
23:00,Philadelphia 76ers - Houston Rockets,91:96,2.24,1.68,5
23:00,Toronto Raptors - Atlanta Hawks,89:111,2.44,1.58,5
2:30,Utah Jazz - Orlando Magic,120:111,2.25,1.67,5
0:00,Washington Wizards - Boston Celtics,102:104,3.61,1.31,5
23:30,Detroit Pistons - Denver Nuggets,101:99,3.63,1.31,4
2:30,Los Angeles Lakers - Utah Jazz,101:77,1.15,5.64,5
0:30,Houston Rockets - Cleveland Cavaliers,95:85,2.26,1.67,5
0:30,San Antonio Spurs - Sacramento Kings,118:106,1.09,8.22,5
0:00,Milwaukee Bucks - Toronto Raptors,117:95,1.52,2.59,5
0:00,Minnesota Timberwolves - New Orleans Pelicans,96:97,2.26,1.67,5
23:30,Brooklyn Nets - Golden State Warriors,89:105,1.86,1.97,5
23:00,Atlanta Hawks - Chicago Bulls,118:83,1.14,5.81,5
23:00,Indiana Pacers - Portland Trail Blazers,91:102,2.5,1.56,5
23:00,Philadelphia 76ers - Detroit Pistons,86:90,1.54,2.57,5
2:30,Los Angeles Clippers - Orlando Magic,86:97,3.57,1.3,5
0:30,Dallas Mavericks - Phoenix Suns,102:101,1.53,2.57,5
0:00,Chicago Bulls - Brooklyn Nets,101:103,1.38,3.11,5
0:00,Memphis Grizzlies - Cleveland Cavaliers,111:109,3.59,1.31,5
0:00,New Orleans Pelicans - Sacramento Kings,96:94,1.22,4.49,5
23:30,Boston Celtics - Milwaukee Bucks,98:89,1.08,9.05,5
23:00,Charlotte Hornets - Denver Nuggets,107:95,2.35,1.62,5
23:00,Toronto Raptors - Minnesota Timberwolves,94:88,1.27,3.85,5
1:00,Utah Jazz - San Antonio Spurs,104:101,1.79,2.05,5
0:00,Oklahoma City Thunder - Golden State Warriors,104:88,1.3,3.65,5
23:30,New York Knicks - Portland Trail Blazers,93:84,2.29,1.64,5
23:00,Philadelphia 76ers - Denver Nuggets,83:93,3.5,1.32,5
1:30,Los Angeles Lakers - Phoenix Suns,108:88,1.2,4.73,5
1:00,Sacramento Kings - Miami Heat,102:115,2.02,1.8,5
22:00,Detroit Pistons - Washington Wizards,98:94,1.67,2.25,5
19:00,Milwaukee Bucks - Cleveland Cavaliers,86:101,3.35,1.34,5
16:00,New York Knicks - Brooklyn Nets,106:97,1.55,2.51,5
2:30,Golden State Warriors - Orlando Magic,118:126,4.65,1.21,5
2:30,Los Angeles Clippers - Indiana Pacers,88:72,1.72,2.19,4
2:00,Portland Trail Blazers - Houston Rockets,90:89,1.46,2.83,4
1:00,Dallas Mavericks - Atlanta Hawks,75:80,1.44,2.87,5
1:00,Phoenix Suns - Sacramento Kings,115:107,1.11,7.31,5
0:30,San Antonio Spurs - Denver Nuggets,99:106,1.57,2.48,5
0:00,Chicago Bulls - Toronto Raptors,78:110,1.4,3.08,5
0:00,Minnesota Timberwolves - Utah Jazz,108:101,3.59,1.31,5
23:00,Charlotte Hornets - Philadelphia 76ers,106:105,1.41,2.97,5
2:30,Los Angeles Lakers - Miami Heat,108:107,1.09,8.19,5
1:00,Utah Jazz - Indiana Pacers,96:87,1.26,3.99,5
0:00,Brooklyn Nets - Charlotte Hornets,97:91,2.31,1.64,5
0:00,Cleveland Cavaliers - Chicago Bulls,101:87,1.06,10,5
0:00,Detroit Pistons - Milwaukee Bucks,105:96,1.65,2.29,5
0:00,Memphis Grizzlies - Dallas Mavericks,98:82,3.09,1.39,5
0:00,New Orleans Pelicans - Minnesota Timberwolves,98:89,1.16,5.43,5
0:00,Oklahoma City Thunder - Boston Celtics,87:105,2.53,1.55,5
23:30,Atlanta Hawks - New York Knicks,107:114,1.12,6.47,5
23:00,Washington Wizards - Toronto Raptors,107:109,1.62,2.35,5
2:30,Denver Nuggets - Miami Heat,114:96,1.21,4.62,5
2:30,Golden State Warriors - Houston Rockets,109:111,2.17,1.71,5
0:00,San Antonio Spurs - Boston Celtics,83:90,1.88,1.93,5
2:30,Los Angeles Clippers - Houston Rockets,85:102,2.15,1.73,5
2:00,Sacramento Kings - Indiana Pacers,110:105,1.81,2.02,5
0:00,Chicago Bulls - Detroit Pistons,92:85,1.31,3.5,5
0:00,Minnesota Timberwolves - Memphis Grizzlies,95:97,2.33,1.64,5
0:00,Oklahoma City Thunder - Philadelphia 76ers,117:106,1.36,3.23,5
23:30,Brooklyn Nets - Dallas Mavericks,101:117,3.56,1.31,5
23:00,Atlanta Hawks - Toronto Raptors,146:115,1.2,4.74,5
23:00,Cleveland Cavaliers - Phoenix Suns,107:90,1.28,3.78,5
23:00,Orlando Magic - New York Knicks,118:104,1.09,8.09,5
23:00,Washington Wizards - Milwaukee Bucks,104:102,1.63,2.33,5
2:30,Los Angeles Lakers - New Orleans Pelicans,110:99,1.04,13.5,5
2:00,Portland Trail Blazers - Miami Heat,100:107,1.34,3.37,5
1:00,Denver Nuggets - Golden State Warriors,135:107,1.04,12.28,5
23:30,New York Knicks - Phoenix Suns,126:99,3.53,1.31,5
23:00,Charlotte Hornets - Boston Celtics,90:108,2.52,1.56,5
23:00,Toronto Raptors - Washington Wizards,102:106,1.35,3.31,5
2:30,Golden State Warriors - Indiana Pacers,126:107,1.69,2.23,5
1:00,Utah Jazz - Memphis Grizzlies,120:93,1.17,5.42,5
0:30,Dallas Mavericks - Philadelphia 76ers,104:102,1.1,7.64,5
0:00,Milwaukee Bucks - Chicago Bulls,99:97,1.66,2.28,5
1:30,Los Angeles Lakers - Brooklyn Nets,106:87,1.05,10.9,4
1:00,Sacramento Kings - New Orleans Pelicans,112:96,1.54,2.52,4
0:00,Denver Nuggets - Minnesota Timberwolves,100:106,1.05,11.13,4
23:00,Oklahoma City Thunder - Houston Rockets,91:100,1.67,2.23,4
23:00,San Antonio Spurs - Philadelphia 76ers,97:89,1.11,7.21,4
22:00,Miami Heat - Boston Celtics,85:92,2.45,1.56,4
22:00,New York Knicks - Orlando Magic,102:114,3.19,1.36,4
19:30,Los Angeles Clippers - Memphis Grizzlies,98:88,1.61,2.35,4
17:00,Detroit Pistons - Atlanta Hawks,94:88,3.27,1.35,3
17:00,Toronto Raptors - Phoenix Suns,94:113,2.2,1.68,4
2:30,Golden State Warriors - Los Angeles Lakers,97:130,4.35,1.23,5
1:00,Milwaukee Bucks - Orlando Magic,98:100,3.3,1.35,5
1:00,Utah Jazz - Portland Trail Blazers,108:92,1.48,2.72,5
23:30,Cleveland Cavaliers - Dallas Mavericks,111:95,1.36,3.21,5
23:00,Washington Wizards - Charlotte Hornets,76:92,1.58,2.46,3
2:00,Portland Trail Blazers - Memphis Grizzlies,96:106,1.1,7.46,5
2:00,Sacramento Kings - Brooklyn Nets,109:96,1.52,2.59,5
1:30,Minnesota Timberwolves - Phoenix Suns,95:120,5.27,1.17,5
1:30,Oklahoma City Thunder - Milwaukee Bucks,108:90,1.45,2.81,5
1:00,Denver Nuggets - New York Knicks,128:125,1.06,9.45,5
0:30,Houston Rockets - San Antonio Spurs,84:92,1.89,1.92,5
0:00,Detroit Pistons - Los Angeles Clippers,96:104,1.58,2.44,5
0:00,Indiana Pacers - Dallas Mavericks,92:113,2.3,1.65,5
23:30,Boston Celtics - Toronto Raptors,116:103,1.16,5.41,5
23:30,Philadelphia 76ers - Atlanta Hawks,86:100,2.91,1.42,5
23:00,Charlotte Hornets - Cleveland Cavaliers,94:87,2.92,1.42,5
23:00,Miami Heat - Washington Wizards,84:94,1.3,3.58,5
2:30,Utah Jazz - Chicago Bulls,105:86,1.31,3.54,5
0:00,Atlanta Hawks - Orlando Magic,76:93,1.63,2.33,5
2:00,Portland Trail Blazers - Brooklyn Nets,93:83,1.05,11.45,5
2:00,Sacramento Kings - New York Knicks,111:97,1.54,2.56,5
1:00,Phoenix Suns - Memphis Grizzlies,126:111,1.13,6.16,5
0:30,Houston Rockets - Dallas Mavericks,99:130,1.56,2.49,5
0:30,San Antonio Spurs - Golden State Warriors,118:104,1.06,9.95,5
0:00,Detroit Pistons - Cleveland Cavaliers,88:98,3.05,1.4,5
0:00,Minnesota Timberwolves - Denver Nuggets,111:124,4.61,1.21,5
0:00,New Orleans Pelicans - Milwaukee Bucks,102:99,1.69,2.21,5
23:30,Boston Celtics - Philadelphia 76ers,113:110,1.07,9.85,5
23:30,Orlando Magic - Miami Heat,98:99,1.16,5.41,5
23:00,Charlotte Hornets - Toronto Raptors,116:81,1.68,2.22,5
23:00,Indiana Pacers - Los Angeles Clippers,86:73,1.54,2.59,5
2:30,Los Angeles Lakers - New York Knicks,100:90,1.04,13.3,5
1:00,Denver Nuggets - Brooklyn Nets,101:87,1.06,10.55,5
1:00,Utah Jazz - Oklahoma City Thunder,94:104,1.27,3.94,5
0:30,Dallas Mavericks - Golden State Warriors,103:111,1.08,8.33,5
23:00,Toronto Raptors - Indiana Pacers,123:112,1.43,2.92,5
23:00,Washington Wizards - Philadelphia 76ers,108:107,1.68,2.24,5
2:30,Los Angeles Clippers - Minnesota Timberwolves,91:87,1.4,3.02,5
2:00,Portland Trail Blazers - Chicago Bulls,122:98,1.26,4.03,5
0:30,San Antonio Spurs - Milwaukee Bucks,112:98,1.21,4.64,5
0:00,Memphis Grizzlies - Sacramento Kings,116:105,1.41,2.98,5
1:30,Los Angeles Lakers - Oklahoma City Thunder,101:85,1.13,5.91,5
0:00,Phoenix Suns - Detroit Pistons,117:91,1.15,5.47,5
22:00,Miami Heat - New Orleans Pelicans,102:101,1.16,5.35,5
21:00,Charlotte Hornets - Indiana Pacers,104:88,1.81,1.99,5
17:00,New York Knicks - Boston Celtics,105:107,5.34,1.15,5
16:30,Toronto Raptors - Orlando Magic,96:104,2.33,1.61,5
2:00,Portland Trail Blazers - Minnesota Timberwolves,106:78,1.06,10.45,5
1:00,Denver Nuggets - Chicago Bulls,112:93,1.24,4.2,5
1:00,Utah Jazz - Detroit Pistons,100:97,1.22,4.45,5
0:30,Houston Rockets - Sacramento Kings,113:106,1.12,6.75,5
0:30,San Antonio Spurs - Washington Wizards,106:84,1.29,3.74,5
0:00,Memphis Grizzlies - Milwaukee Bucks,98:103,1.6,2.39,5
0:00,New Orleans Pelicans - Atlanta Hawks,96:88,2.75,1.47,5
23:30,Cleveland Cavaliers - Philadelphia 76ers,97:91,1.13,5.86,5
17:00,Brooklyn Nets - New York Knicks,91:98,1.7,2.18,5
2:30,Golden State Warriors - Portland Trail Blazers,108:94,3.9,1.27,5
2:30,Los Angeles Clippers - Denver Nuggets,106:99,4.62,1.21,5
0:30,Dallas Mavericks - Sacramento Kings,104:102,1.13,5.96,5
0:30,Milwaukee Bucks - Charlotte Hornets,95:88,1.6,2.42,4
0:00,Boston Celtics - Orlando Magic,78:83,1.37,3.17,5
0:00,Oklahoma City Thunder - Washington Wizards,127:108,1.58,2.45,5
23:30,Atlanta Hawks - Houston Rockets,105:103,1.33,3.44,5
23:00,Indiana Pacers - Cleveland Cavaliers,95:105,2.46,1.57,5
23:00,Philadelphia 76ers - Memphis Grizzlies,97:102,1.48,2.69,5
23:00,Toronto Raptors - Miami Heat,120:113,1.65,2.31,5
2:30,Los Angeles Lakers - Chicago Bulls,108:93,1.16,5.49,5
0:30,San Antonio Spurs - Utah Jazz,83:90,1.48,2.71,5
0:00,New Orleans Pelicans - Phoenix Suns,110:103,4.19,1.24,5
2:00,Portland Trail Blazers - Detroit Pistons,87:81,1.15,5.7,5
1:30,Dallas Mavericks - San Antonio Spurs,99:94,1.64,2.31,5
1:00,Utah Jazz - Toronto Raptors,104:91,1.27,3.89,5
0:00,Memphis Grizzlies - Los Angeles Clippers,106:91,1.44,2.86,5
0:00,Milwaukee Bucks - Brooklyn Nets,99:85,1.18,5.04,5
0:00,Minnesota Timberwolves - Houston Rockets,84:97,3.09,1.39,5
23:30,Boston Celtics - Golden State Warriors,109:95,1.02,16,5
23:00,Atlanta Hawks - Miami Heat,105:90,1.29,3.71,5
23:00,Indiana Pacers - New York Knicks,103:110,1.37,3.18,5
23:00,Orlando Magic - Oklahoma City Thunder,108:94,1.1,7.45,5
23:00,Philadelphia 76ers - Charlotte Hornets,86:84,1.63,2.33,5
23:00,Washington Wizards - Cleveland Cavaliers,108:91,2.52,1.55,5
2:30,Los Angeles Lakers - Detroit Pistons,106:93,1.16,5.47,5
2:00,Sacramento Kings - Chicago Bulls,87:101,2.22,1.69,5
1:00,Denver Nuggets - Toronto Raptors,130:112,1.21,4.63,5
0:30,Houston Rockets - Phoenix Suns,105:111,1.71,2.18,5
0:00,New Orleans Pelicans - Los Angeles Clippers,110:102,2.06,1.79,5
23:30,Brooklyn Nets - Indiana Pacers,83:91,2.42,1.59,5
23:30,Miami Heat - Oklahoma City Thunder,87:100,1.35,3.31,5
23:00,Cleveland Cavaliers - Golden State Warriors,114:108,1.05,11.45,5
0:00,Milwaukee Bucks - Dallas Mavericks,113:115,1.82,2,5
23:00,Atlanta Hawks - Portland Trail Blazers,99:95,1.6,2.4,5
23:00,Orlando Magic - Charlotte Hornets,97:91,1.08,8.87,5
1:30,Los Angeles Lakers - Houston Rockets,91:101,1.2,4.76,5
0:00,Phoenix Suns - Toronto Raptors,101:100,1.28,3.86,5
23:00,Oklahoma City Thunder - Los Angeles Clippers,93:101,1.45,2.81,5
22:00,Detroit Pistons - Dallas Mavericks,90:95,2.57,1.53,5
0:30,Milwaukee Bucks - Golden State Warriors,129:125,1.29,3.73,5
0:30,San Antonio Spurs - Oklahoma City Thunder,98:101,1.23,4.4,4
0:00,Chicago Bulls - Philadelphia 76ers,94:88,1.34,3.38,5
0:00,Memphis Grizzlies - Minnesota Timberwolves,97:87,1.21,4.6,5
23:30,Cleveland Cavaliers - Utah Jazz,107:103,1.07,9.53,5
23:30,Miami Heat - Brooklyn Nets,81:80,1.07,9.32,5
23:00,Atlanta Hawks - New Orleans Pelicans,121:98,1.09,7.95,5
23:00,Charlotte Hornets - Portland Trail Blazers,74:80,2.21,1.7,5
23:00,Indiana Pacers - Boston Celtics,113:104,3.62,1.3,5
23:00,Washington Wizards - Detroit Pistons,103:106,1.6,2.39,5
2:30,Denver Nuggets - Los Angeles Lakers,105:79,1.58,2.46,5
2:30,Los Angeles Clippers - Toronto Raptors,89:104,2.19,1.69,5
2:00,Sacramento Kings - Houston Rockets,109:100,2.67,1.49,5
0:00,Boston Celtics - Atlanta Hawks,86:97,1.21,4.59,5
0:00,Minnesota Timberwolves - Dallas Mavericks,77:89,6.19,1.13,5
0:00,New Orleans Pelicans - Portland Trail Blazers,78:86,2.32,1.64,5
23:30,New York Knicks - Golden State Warriors,107:121,1.54,2.54,5
23:00,Orlando Magic - Brooklyn Nets,88:72,1.03,13.3,5
23:00,Philadelphia 76ers - Utah Jazz,90:112,1.67,2.26,5
2:30,Los Angeles Lakers - Phoenix Suns,121:102,1.28,3.79,5
0:00,Miami Heat - Cleveland Cavaliers,104:111,1.88,1.93,5
2:30,Los Angeles Clippers - Oklahoma City Thunder,79:83,1.77,2.08,5
2:30,Phoenix Suns - New Orleans Pelicans,124:104,1.33,3.4,5
0:30,Houston Rockets - Memphis Grizzlies,104:79,1.2,4.73,5
0:30,San Antonio Spurs - Dallas Mavericks,92:83,2.01,1.81,5
0:00,Milwaukee Bucks - Denver Nuggets,108:102,2.42,1.59,5
0:00,Minnesota Timberwolves - Portland Trail Blazers,84:107,3.91,1.27,5
0:00,Orlando Magic - Cleveland Cavaliers,93:102,1.83,1.99,5
23:30,Boston Celtics - Utah Jazz,105:86,-,-,5
23:30,Brooklyn Nets - Philadelphia 76ers,79:82,2.82,1.45,5
23:30,Detroit Pistons - Charlotte Hornets,98:75,1.53,2.57,5
23:30,New York Knicks - Atlanta Hawks,101:114,2.76,1.47,5
23:00,Indiana Pacers - Golden State Warriors,108:94,1.43,2.86,5
23:00,Toronto Raptors - Chicago Bulls,99:89,1.42,2.93,5
2:00,Sacramento Kings - Oklahoma City Thunder,101:98,2.13,1.74,5
0:30,Dallas Mavericks - Houston Rockets,121:103,1.35,3.3,5
0:00,Chicago Bulls - Denver Nuggets,89:90,2.22,1.68,5
0:00,Memphis Grizzlies - Portland Trail Blazers,79:93,3.17,1.37,5
23:30,Miami Heat - Washington Wizards,90:76,1.2,4.82,5
23:00,Charlotte Hornets - Orlando Magic,81:93,2.49,1.56,5
2:30,Golden State Warriors - Minnesota Timberwolves,146:105,1.37,3.17,5
2:30,Los Angeles Clippers - New Orleans Pelicans,84:112,2.06,1.79,5
0:30,San Antonio Spurs - Toronto Raptors,131:124,1.52,2.61,5
23:30,New York Knicks - Utah Jazz,93:95,2.88,1.44,5
23:00,Philadelphia 76ers - Phoenix Suns,115:119,2.05,1.8,5
1:30,Los Angeles Lakers - New Orleans Pelicans,104:88,1.34,3.4,5
1:00,Portland Trail Blazers - Minnesota Timberwolves,116:93,1.07,8.7,5
1:00,Sacramento Kings - Golden State Warriors,120:107,2.24,1.68,5
23:00,Oklahoma City Thunder - Orlando Magic,102:74,3.05,1.4,5
17:00,Detroit Pistons - Philadelphia 76ers,88:81,1.76,2.07,5
17:00,Washington Wizards - Phoenix Suns,90:102,2.1,1.76,5
2:30,Los Angeles Clippers - Memphis Grizzlies,113:110,1.55,2.52,5
1:00,Utah Jazz - Sacramento Kings,99:104,1.04,14.3,5
0:30,Dallas Mavericks - Toronto Raptors,129:101,1.28,3.82,5
0:30,Milwaukee Bucks - New York Knicks,102:87,1.54,2.54,5
0:00,Chicago Bulls - Charlotte Hornets,93:90,1.35,3.29,5
23:30,Brooklyn Nets - Boston Celtics,76:86,11.65,1.05,5
23:00,Atlanta Hawks - Denver Nuggets,125:100,1.67,2.26,5
2:30,Golden State Warriors - Los Angeles Clippers,90:118,1.52,2.63,5
2:30,Los Angeles Lakers - Memphis Grizzlies,114:98,1.16,5.42,5
2:30,Portland Trail Blazers - San Antonio Spurs,96:84,1.56,2.5,5
0:30,Houston Rockets - Oklahoma City Thunder,105:94,1.36,3.24,5
0:00,Minnesota Timberwolves - Milwaukee Bucks,72:87,1.7,2.21,5
0:00,New Orleans Pelicans - Toronto Raptors,90:107,1.5,2.67,5
0:00,New York Knicks - Cleveland Cavaliers,91:100,4.11,1.25,5
23:30,Boston Celtics - Phoenix Suns,103:110,1.15,6.03,5
23:30,Miami Heat - Denver Nuggets,96:88,1.96,1.86,5
23:00,Charlotte Hornets - Atlanta Hawks,103:83,2.14,1.74,5
23:00,Indiana Pacers - Washington Wizards,102:86,1.8,2.03,5
23:00,Orlando Magic - Detroit Pistons,110:103,1.07,9.05,5
23:00,Philadelphia 76ers - Brooklyn Nets,97:94,1.08,8.38,5
2:30,Utah Jazz - San Antonio Spurs,113:99,1.9,1.91,5
0:00,Cleveland Cavaliers - Chicago Bulls,85:86,1.11,7.21,5
2:30,Golden State Warriors - Memphis Grizzlies,113:105,1.42,3,5
2:00,Sacramento Kings - Atlanta Hawks,105:113,3.05,1.4,5
1:30,New Orleans Pelicans - Dallas Mavericks,114:107,-,-,5
0:30,Houston Rockets - Los Angeles Lakers,102:103,2.09,1.76,5
0:00,Minnesota Timberwolves - Boston Celtics,90:92,7.9,1.1,5
23:30,Brooklyn Nets - Denver Nuggets,94:122,4.87,1.2,5
23:30,New York Knicks - Indiana Pacers,89:101,1.47,2.75,5
23:00,Orlando Magic - Phoenix Suns,122:100,1.29,3.7,5
23:00,Toronto Raptors - Detroit Pistons,110:99,1.26,4.02,5
23:00,Washington Wizards - Miami Heat,89:93,1.74,2.12,5
2:00,Portland Trail Blazers - Atlanta Hawks,91:97,1.32,3.44,5
0:30,Dallas Mavericks - Utah Jazz,96:85,1.36,3.26,5
0:00,Chicago Bulls - Milwaukee Bucks,83:81,1.21,4.67,5
0:00,Oklahoma City Thunder - Los Angeles Lakers,98:101,3.58,1.32,5
23:30,Detroit Pistons - Orlando Magic,85:80,4.33,1.23,5
23:30,Miami Heat - Phoenix Suns,96:104,1.56,2.5,5
23:00,Cleveland Cavaliers - Washington Wizards,102:90,1.13,6.34,5
23:00,Indiana Pacers - Denver Nuggets,93:111,2.85,1.45,5
23:00,Philadelphia 76ers - Boston Celtics,74:105,3.49,1.32,5
2:30,Los Angeles Clippers - Minnesota Timberwolves,93:90,1.27,3.92,5
2:00,Sacramento Kings - Memphis Grizzlies,127:116,1.84,1.95,5
1:00,Utah Jazz - Houston Rockets,96:113,1.25,4.11,5
23:30,New York Knicks - New Orleans Pelicans,117:111,2.26,1.67,5
23:00,Charlotte Hornets - Brooklyn Nets,79:68,1.31,3.56,5
1:30,Los Angeles Lakers - Atlanta Hawks,118:110,1.22,4.4,4
0:00,Denver Nuggets - Memphis Grizzlies,133:123,1.13,5.91,4
0:00,Phoenix Suns - Minnesota Timberwolves,120:112,1.06,9.5,4
23:00,Oklahoma City Thunder - Portland Trail Blazers,74:83,2.23,1.67,4
22:00,Boston Celtics - New Orleans Pelicans,97:87,1.13,5.9,4
22:00,Miami Heat - Chicago Bulls,95:87,1.51,2.58,4
17:00,Toronto Raptors - Orlando Magic,116:125,3,1.4,4
1:30,Los Angeles Clippers - Dallas Mavericks,84:93,2.72,1.47,4
23:30,Houston Rockets - Portland Trail Blazers,111:107,2.23,1.67,4
23:30,Milwaukee Bucks - Detroit Pistons,96:85,1.7,2.18,4
23:30,San Antonio Spurs - Sacramento Kings,113:94,1.02,14.63,4
22:30,Cleveland Cavaliers - Charlotte Hornets,90:79,1.03,13.5,4
22:30,New York Knicks - Philadelphia 76ers,127:141,2.15,1.71,4
22:00,Washington Wizards - Brooklyn Nets,123:104,1.39,3.04,4
1:30,Los Angeles Lakers - Dallas Mavericks,80:94,1.26,3.92,5
1:00,Phoenix Suns - Golden State Warriors,123:101,1.41,2.94,5
0:00,Utah Jazz - Los Angeles Clippers,111:98,1.2,4.66,5
23:00,Boston Celtics - Chicago Bulls,118:90,1.1,7.5,4
23:00,Brooklyn Nets - Orlando Magic,85:95,5.59,1.15,5
23:00,Detroit Pistons - Oklahoma City Thunder,83:91,1.46,2.74,5
23:00,Indiana Pacers - Miami Heat,83:96,1.81,1.99,5
23:00,Memphis Grizzlies - Toronto Raptors,115:107,2.22,1.68,5
23:00,Minnesota Timberwolves - Cleveland Cavaliers,87:104,8.06,1.08,5
23:00,New Orleans Pelicans - Sacramento Kings,97:92,1.1,7.44,5
22:30,Atlanta Hawks - Washington Wizards,100:89,1.35,3.25,5
22:00,Charlotte Hornets - New York Knicks,102:100,1.82,1.98,5
22:00,Philadelphia 76ers - Milwaukee Bucks,99:86,1.36,3.18,4
1:30,Portland Trail Blazers - Denver Nuggets,94:97,1.29,3.75,5
23:00,Chicago Bulls - San Antonio Spurs,92:85,2.35,1.63,4
1:30,Golden State Warriors - Houston Rockets,107:108,1.39,3.07,5
1:30,Los Angeles Clippers - Phoenix Suns,107:109,2.24,1.69,4
1:30,Denver Nuggets - Utah Jazz,114:105,1.42,2.95,4
23:00,Memphis Grizzlies - Detroit Pistons,74:96,2.06,1.79,4
23:00,Minnesota Timberwolves - Brooklyn Nets,95:93,2.07,1.77,4
23:00,Oklahoma City Thunder - Sacramento Kings,102:89,1.34,3.34,4
23:00,San Antonio Spurs - New Orleans Pelicans,113:96,1.18,5.25,4
22:30,Boston Celtics - Charlotte Hornets,92:59:00,1.14,5.92,4
22:30,Miami Heat - New York Knicks,115:93,1.47,2.78,4
22:00,Atlanta Hawks - Indiana Pacers,120:109,1.26,3.98,4
22:00,Orlando Magic - Philadelphia 76ers,120:106,1.16,5.71,4
22:00,Toronto Raptors - Cleveland Cavaliers,101:91,3.45,1.33,4
1:30,Los Angeles Lakers - Los Angeles Clippers,99:92,1.11,7.08,4
1:00,Portland Trail Blazers - Houston Rockets,96:87,1.18,4.93,5
23:30,Dallas Mavericks - Washington Wizards,91:102,1.25,4.14,4
22:30,Cleveland Cavaliers - Boston Celtics,89:95,1.5,2.64,4
1:30,Los Angeles Clippers - New Orleans Pelicans,91:88,1.43,2.75,5
1:30,Los Angeles Lakers - Denver Nuggets,105:119,1.44,2.83,4
1:00,Sacramento Kings - Utah Jazz,85:95,2.39,1.55,5
23:30,Houston Rockets - Dallas Mavericks,94:98,1.87,1.87,5
23:30,Milwaukee Bucks - Detroit Pistons,93:95,1.53,2.43,5
23:00,Brooklyn Nets - Philadelphia 76ers,110:88,2.28,1.6,5
23:00,Chicago Bulls - Washington Wizards,93:70,1.41,2.85,5
23:00,Indiana Pacers - San Antonio Spurs,114:112,2.67,1.46,5
23:00,Minnesota Timberwolves - Toronto Raptors,98:90,2.63,1.47,5
23:00,Orlando Magic - Atlanta Hawks,123:86,1.3,3.44,5
14:30,Charlotte Hornets - Memphis Grizzlies,92:95,1.42,2.75,3
2:30,Golden State Warriors - New Orleans Pelicans,126:92,1.61,2.25,5
2:00,Los Angeles Lakers - Denver Nuggets,106:89,1.38,3.02,5
2:00,Phoenix Suns - Portland Trail Blazers,93:113,1.9,1.84,5
0:00,Oklahoma City Thunder - Sacramento Kings,89:104,1.45,2.68,5
23:30,Detroit Pistons - Minnesota Timberwolves,114:122,1.23,4.12,5
23:00,Miami Heat - Atlanta Hawks,87:92,2.07,1.72,4
23:30,Miami Heat - Memphis Grizzlies,99:93,1.42,2.82,5
23:00,Brooklyn Nets - New York Knicks,92:94,1.66,2.17,5
23:00,Cleveland Cavaliers - Boston Celtics,82:96,1.31,3.45,4
23:00,Orlando Magic - Indiana Pacers,117:87,1.23,4.08,5
2:00,Los Angeles Lakers - Golden State Warriors,113:107,1.26,3.8,5
2:00,Phoenix Suns - Sacramento Kings,143:127,1.26,3.78,5
2:00,Portland Trail Blazers - Utah Jazz,97:108,1.55,2.38,5
1:00,Denver Nuggets - Minnesota Timberwolves,129:100,1.21,4.35,5
0:30,Oklahoma City Thunder - San Antonio Spurs,102:119,3.37,1.31,5
23:30,Cleveland Cavaliers - Dallas Mavericks,96:66,1.52,2.42,2
23:30,New York Knicks - Boston Celtics,108:103,2.92,1.39,5
23:00,Charlotte Hornets - Milwaukee Bucks,94:87,1.53,2.45,5
23:00,Philadelphia 76ers - Washington Wizards,89:90,1.28,3.63,5
0:30,Houston Rockets - Oklahoma City Thunder,105:85,1.41,2.85,5
0:00,Chicago Bulls - Orlando Magic,98:101,2.45,1.53,5
23:00,Atlanta Hawks - Washington Wizards,113:95,1.36,3.08,5
2:30,Los Angeles Lakers - Los Angeles Clippers,114:108,1.27,3.6,4
1:00,Portland Trail Blazers - Denver Nuggets,98:96,1.54,2.41,5
23:30,Charlotte Hornets - Utah Jazz,103:110,2.65,1.5,3
23:00,Phoenix Suns - Philadelphia 76ers,94:116,1.57,2.33,5
19:00,Toronto Raptors - Boston Celtics,82:101,2.34,1.6,4
2:30,Los Angeles Lakers - Charlotte Hornets,91:87,1.23,4.1,5
2:00,Sacramento Kings - Golden State Warriors,101:94,1.79,1.97,5
0:30,Dallas Mavericks - Cleveland Cavaliers,93:82,1.65,2,2
0:30,Milwaukee Bucks - Minnesota Timberwolves,101:87,1.45,2.7,5
0:00,Memphis Grizzlies - Detroit Pistons,115:94,1.71,2.08,5
0:00,New Orleans Pelicans - Indiana Pacers,108:96,1.51,2.52,5
23:30,Los Angeles Clippers - Utah Jazz,103:96,1.81,1.93,5
2:00,Phoenix Suns - Philadelphia 76ers,115:113,1.48,2.5,5
0:30,San Antonio Spurs - Cleveland Cavaliers,105:98,1.55,2.2,2
0:00,Chicago Bulls - Minnesota Timberwolves,94:90,1.44,2.75,5
23:30,New York Knicks - Brooklyn Nets,93:89,1.49,2.57,5
23:00,Indiana Pacers - Houston Rockets,119:104,1.6,2.3,5
2:00,Los Angeles Lakers - Sacramento Kings,98:92,1.2,4.4,5
1:00,Utah Jazz - Portland Trail Blazers,99:96,1.46,2.65,5
0:30,Dallas Mavericks - Detroit Pistons,113:88,1.4,2.88,5
0:30,Miami Heat - New Orleans Pelicans,97:81,2.13,1.68,5
23:00,Toronto Raptors - Houston Rockets,112:124,1.59,2.3,5
2:00,Portland Trail Blazers - Phoenix Suns,104:110,1.38,2.95,5
0:30,San Antonio Spurs - Los Angeles Clippers,90:93,1.36,3.07,5
0:00,Memphis Grizzlies - Atlanta Hawks,96:111,1.99,1.77,5
0:00,Minnesota Timberwolves - Chicago Bulls,94:99,1.62,2.23,5
0:00,Oklahoma City Thunder - Miami Heat,96:91,1.73,2.04,5
23:30,Boston Celtics - Toronto Raptors,106:90,1.34,3.3,5
23:00,Cleveland Cavaliers - Washington Wizards,104:109,1.3,3.43,5
0:00,Chicago Bulls - Milwaukee Bucks,87:86,1.37,3.03,5
0:00,New Orleans Pelicans - Orlando Magic,86:121,2.29,1.64,5
23:30,New York Knicks - Philadelphia 76ers,85:93,1.7,2.09,5
23:00,Brooklyn Nets - Boston Celtics,88:91,2.52,1.5,5
23:00,Detroit Pistons - Washington Wizards,98:101,1.46,2.74,5
2:30,Los Angeles Clippers - Golden State Warriors,124:117,1.57,2.37,5
0:30,Houston Rockets - Milwaukee Bucks,92:96,1.37,3.02,5
0:00,Memphis Grizzlies - Orlando Magic,83:102,2.47,1.53,5
0:00,Oklahoma City Thunder - Phoenix Suns,110:105,2.27,1.59,5
23:00,Atlanta Hawks - Charlotte Hornets,107:90,1.37,3.03,5
23:00,Dallas Mavericks - Memphis Grizzlies,114:107,1.29,3.55,5
22:00,Detroit Pistons - Atlanta Hawks,100:91,1.6,2.28,5
22:00,Miami Heat - San Antonio Spurs,93:95,1.78,1.96,5
19:00,Toronto Raptors - Washington Wizards,100:93,1.54,2.5,3
17:00,Boston Celtics - Brooklyn Nets,100:93,1.23,4.15,3
4:00,Denver Nuggets - Indiana Pacers,128:112,1.44,2.73,3
1:30,Phoenix Suns - Golden State Warriors,101:104,1.45,2.65,3
0:30,Milwaukee Bucks - Chicago Bulls,98:86,1.73,2.02,3
23:30,Charlotte Hornets - Cleveland Cavaliers,96:102,2.28,1.58,3
18:00,New Orleans Pelicans - Oklahoma City Thunder,88:79,1.34,3.15,3
2:30,Los Angeles Clippers - Portland Trail Blazers,97:85,2.2,1.64,4
2:00,Los Angeles Lakers - Golden State Warriors,91:110,1.2,4.47,4
0:00,Minnesota Timberwolves - Toronto Raptors,97:112,1.59,2.3,4
23:30,Boston Celtics - New York Knicks,96:82,1.28,3.63,4
23:00,Orlando Magic - Houston Rockets,113:104,1.29,3.53,4
23:00,Philadelphia 76ers - Brooklyn Nets,93:92,1.38,2.98,4
23:00,Washington Wizards - Dallas Mavericks,115:123,1.78,1.97,4
23:30,Charlotte Hornets - New Orleans Pelicans,108:101,1.6,2.26,5
12:00,Indiana Pacers - Denver Nuggets,126:104,3,1.4,2
2:00,Los Angeles Lakers - Golden State Warriors,118:101,1.27,3.68,5
2:00,Sacramento Kings - Portland Trail Blazers,86:89,2.35,1.57,5
0:30,Houston Rockets - Boston Celtics,96:90,2.53,1.5,5
0:00,Memphis Grizzlies - Oklahoma City Thunder,99:91,1.52,2.47,5
23:30,Detroit Pistons - Milwaukee Bucks,113:104,1.37,2.98,5
23:00,Atlanta Hawks - New Orleans Pelicans,108:102,1.59,2.3,5
23:00,Orlando Magic - Miami Heat,90:86,1.28,3.63,5
23:00,Toronto Raptors - Philadelphia 76ers,79:84,1.84,1.9,5
2:00,Portland Trail Blazers - Sacramento Kings,98:86,1.28,3.57,5
0:30,San Antonio Spurs - Houston Rockets,85:99,1.38,2.95,5
23:30,Philadelphia 76ers - Toronto Raptors,107:98,1.66,2.16,5
23:00,Cleveland Cavaliers - Charlotte Hornets,92:87,1.21,4.38,5
23:00,Washington Wizards - Memphis Grizzlies,101:92,1.47,2.62,5
18:30,Chicago Bulls - Utah Jazz,102:101,2.37,1.56,5
0:30,Dallas Mavericks - Orlando Magic,105:110,1.67,2.2,4
23:30,Detroit Pistons - Miami Heat,87:83,1.55,2.45,4
1:00,Golden State Warriors - Los Angeles Clippers,108:101,1.5,2.65,2
22:00,Minnesota Timberwolves - Milwaukee Bucks,117:103,1.65,2.29,1
18:00,New York Knicks - Brooklyn Nets,115:107,1.5,2.6,2
23:00,Indiana Pacers - Chicago Bulls,95:104,1.73,2.1,4
1:00,Utah Jazz - Denver Nuggets,103:87,1.69,2.17,5
