Date,Home Team,Away Team,Home Score,Away Score,Home Odds,Away Odds,Who Won,Playoffs,Preseason
21 Jun 2013,Miami Heat,San Antonio Spurs,95,88,1.43,2.97,1,1,0
19 Jun 2013,Miami Heat,San Antonio Spurs,103,100,1.33,3.47,1,1,0
17 Jun 2013,San Antonio Spurs,Miami Heat,114,104,1.96,1.87,1,1,0
14 Jun 2013,San Antonio Spurs,Miami Heat,93,109,1.95,1.87,0,1,0
12 Jun 2013,San Antonio Spurs,Miami Heat,113,77,1.76,2.10,1,1,0
10 Jun 2013,Miami Heat,San Antonio Spurs,103,84,1.33,3.48,1,1,0
07 Jun 2013,Miami Heat,San Antonio Spurs,88,92,1.41,2.95,0,1,0
04 Jun 2013,Miami Heat,Indiana Pacers,99,76,1.28,3.88,1,1,0
02 Jun 2013,Indiana Pacers,Miami Heat,91,77,2.26,1.68,1,1,0
31 May 2013,Miami Heat,Indiana Pacers,90,79,1.25,4.20,1,1,0
29 May 2013,Indiana Pacers,Miami Heat,99,92,2.26,1.68,1,1,0
28 May 2013,Memphis Grizzlies,San Antonio Spurs,86,93,1.70,2.22,0,1,0
27 May 2013,Indiana Pacers,Miami Heat,96,114,2.05,1.80,0,1,0
26 May 2013,Memphis Grizzlies,San Antonio Spurs,93,104,1.48,2.76,0,1,0
25 May 2013,Miami Heat,Indiana Pacers,93,97,1.27,3.99,0,1,0
23 May 2013,Miami Heat,Indiana Pacers,103,102,1.22,4.53,1,1,0
22 May 2013,San Antonio Spurs,Memphis Grizzlies,93,89,1.43,2.92,1,1,0
19 May 2013,San Antonio Spurs,Memphis Grizzlies,105,83,1.49,2.73,1,1,0
19 May 2013,Indiana Pacers,New York Knicks,106,99,1.46,2.83,1,1,0
17 May 2013,Golden State Warriors,San Antonio Spurs,82,94,2.17,1.73,0,1,0
17 May 2013,New York Knicks,Indiana Pacers,85,75,1.49,2.72,1,1,0
16 May 2013,Oklahoma City Thunder,Memphis Grizzlies,84,88,1.49,2.73,0,1,0
15 May 2013,Miami Heat,Chicago Bulls,94,91,1.05,11.61,1,1,0
15 May 2013,San Antonio Spurs,Golden State Warriors,109,91,1.31,3.61,1,1,0
14 May 2013,Indiana Pacers,New York Knicks,93,82,1.47,2.80,1,1,0
14 May 2013,Memphis Grizzlies,Oklahoma City Thunder,103,97,1.52,2.64,1,1,0
13 May 2013,Chicago Bulls,Miami Heat,65,88,4.16,1.25,0,1,0
12 May 2013,Golden State Warriors,San Antonio Spurs,97,87,2.07,1.79,1,1,0
12 May 2013,Indiana Pacers,New York Knicks,82,71,1.51,2.66,1,1,0
11 May 2013,Memphis Grizzlies,Oklahoma City Thunder,87,81,1.47,2.80,1,1,0
11 May 2013,Golden State Warriors,San Antonio Spurs,92,102,1.74,2.16,0,1,0
11 May 2013,Chicago Bulls,Miami Heat,94,104,4.08,1.26,0,1,0
09 May 2013,San Antonio Spurs,Golden State Warriors,91,100,1.29,3.76,0,1,0
08 May 2013,Miami Heat,Chicago Bulls,115,78,1.08,8.82,1,1,0
08 May 2013,Oklahoma City Thunder,Memphis Grizzlies,93,99,1.69,2.23,0,1,0
07 May 2013,New York Knicks,Indiana Pacers,105,79,1.40,3.08,1,1,0
07 May 2013,San Antonio Spurs,Golden State Warriors,129,127,1.18,5.27,1,1,0
06 May 2013,Miami Heat,Chicago Bulls,86,93,1.08,9.29,0,1,0
05 May 2013,New York Knicks,Indiana Pacers,95,102,1.44,2.89,0,1,0
05 May 2013,Oklahoma City Thunder,Memphis Grizzlies,93,91,1.60,2.44,1,1,0
05 May 2013,Brooklyn Nets,Chicago Bulls,93,99,1.31,3.65,0,1,0
04 May 2013,Houston Rockets,Oklahoma City Thunder,94,103,1.90,1.93,0,1,0
04 May 2013,Memphis Grizzlies,Los Angeles Clippers,118,105,1.36,3.31,1,1,0
03 May 2013,Atlanta Hawks,Indiana Pacers,73,81,1.87,1.96,0,1,0
03 May 2013,Boston Celtics,New York Knicks,80,88,2.18,1.72,0,1,0
03 May 2013,Golden State Warriors,Denver Nuggets,92,88,1.72,2.18,1,1,0
03 May 2013,Chicago Bulls,Brooklyn Nets,92,95,1.90,1.94,0,1,0
02 May 2013,Oklahoma City Thunder,Houston Rockets,100,107,1.19,4.98,0,1,0
02 May 2013,Indiana Pacers,Atlanta Hawks,106,83,1.30,3.67,1,1,0
01 May 2013,New York Knicks,Boston Celtics,86,92,1.18,5.26,0,1,0
01 May 2013,Los Angeles Clippers,Memphis Grizzlies,93,103,1.40,3.09,0,1,0
01 May 2013,Denver Nuggets,Golden State Warriors,107,100,1.27,3.99,1,1,0
30 Apr 2013,Houston Rockets,Oklahoma City Thunder,105,103,1.99,1.85,1,1,0
29 Apr 2013,Atlanta Hawks,Indiana Pacers,102,91,1.83,2.01,1,1,0
29 Apr 2013,Brooklyn Nets,Chicago Bulls,110,91,1.35,3.36,1,1,0
29 Apr 2013,Golden State Warriors,Denver Nuggets,115,101,2.08,1.78,1,1,0
28 Apr 2013,Los Angeles Lakers,San Antonio Spurs,82,103,6.57,1.12,0,1,0
28 Apr 2013,Milwaukee Bucks,Miami Heat,77,88,4.80,1.20,0,1,0
28 Apr 2013,Boston Celtics,New York Knicks,97,90,2.03,1.83,1,1,0
28 Apr 2013,Houston Rockets,Oklahoma City Thunder,101,104,1.90,1.93,0,1,0
27 Apr 2013,Atlanta Hawks,Indiana Pacers,90,69,1.79,2.08,1,1,0
27 Apr 2013,Memphis Grizzlies,Los Angeles Clippers,104,83,1.62,2.37,1,1,0
27 Apr 2013,Chicago Bulls,Brooklyn Nets,142,134,1.69,2.25,1,1,0
27 Apr 2013,Golden State Warriors,Denver Nuggets,110,108,2.03,1.82,1,1,0
27 Apr 2013,Los Angeles Lakers,San Antonio Spurs,89,120,3.23,1.37,0,1,0
27 Apr 2013,Boston Celtics,New York Knicks,76,90,1.70,2.22,0,1,0
26 Apr 2013,Memphis Grizzlies,Los Angeles Clippers,94,82,1.51,2.68,1,1,0
26 Apr 2013,Chicago Bulls,Brooklyn Nets,79,76,1.60,2.44,1,1,0
25 Apr 2013,Milwaukee Bucks,Miami Heat,91,104,3.82,1.29,0,1,0
25 Apr 2013,San Antonio Spurs,Los Angeles Lakers,102,91,1.19,5.05,1,1,0
24 Apr 2013,Indiana Pacers,Atlanta Hawks,113,98,1.28,3.85,1,1,0
24 Apr 2013,Oklahoma City Thunder,Houston Rockets,105,102,1.09,8.08,1,1,0
24 Apr 2013,Denver Nuggets,Golden State Warriors,117,131,1.23,4.43,0,1,0
24 Apr 2013,New York Knicks,Boston Celtics,87,71,1.33,3.48,1,1,0
23 Apr 2013,Miami Heat,Milwaukee Bucks,98,86,1.03,14.71,1,1,0
23 Apr 2013,Los Angeles Clippers,Memphis Grizzlies,93,91,1.39,3.13,1,1,0
23 Apr 2013,Brooklyn Nets,Chicago Bulls,82,90,1.44,2.88,0,1,0
22 Apr 2013,Oklahoma City Thunder,Houston Rockets,120,91,1.13,6.24,1,1,0
21 Apr 2013,Miami Heat,Milwaukee Bucks,110,87,1.05,12.43,1,1,0
21 Apr 2013,San Antonio Spurs,Los Angeles Lakers,91,79,1.19,5.12,1,1,0
21 Apr 2013,Indiana Pacers,Atlanta Hawks,107,90,1.30,3.67,1,1,0
21 Apr 2013,Los Angeles Clippers,Memphis Grizzlies,112,91,1.41,3.03,1,1,0
21 Apr 2013,Brooklyn Nets,Chicago Bulls,106,89,1.51,2.68,1,1,0
20 Apr 2013,Denver Nuggets,Golden State Warriors,97,95,1.26,4.05,1,1,0
20 Apr 2013,New York Knicks,Boston Celtics,85,78,1.27,3.91,1,1,0
18 Apr 2013,Los Angeles Lakers,Houston Rockets,99,95,1.98,1.84,1,0,0
18 Apr 2013,Portland Trail Blazers,Golden State Warriors,88,99,4.39,1.23,0,0,0
18 Apr 2013,Sacramento Kings,Los Angeles Clippers,108,112,3.33,1.34,0,0,0
18 Apr 2013,Brooklyn Nets,Detroit Pistons,103,99,1.46,2.82,1,0,0
18 Apr 2013,Charlotte Hornets,Cleveland Cavaliers,105,98,1.72,2.18,1,0,0
18 Apr 2013,Chicago Bulls,Washington Wizards,95,92,1.23,4.44,1,0,0
18 Apr 2013,Dallas Mavericks,New Orleans Pelicans,99,87,1.26,4.05,1,0,0
18 Apr 2013,Denver Nuggets,Phoenix Suns,118,98,1.08,8.43,1,0,0
18 Apr 2013,Indiana Pacers,Philadelphia 76ers,95,105,1.68,2.24,0,0,0
18 Apr 2013,Memphis Grizzlies,Utah Jazz,86,70,1.56,2.51,1,0,0
18 Apr 2013,Miami Heat,Orlando Magic,105,93,1.31,3.57,1,0,0
18 Apr 2013,New York Knicks,Atlanta Hawks,98,92,1.49,2.72,1,0,0
18 Apr 2013,Oklahoma City Thunder,Milwaukee Bucks,89,95,1.63,2.35,0,0,0
18 Apr 2013,San Antonio Spurs,Minnesota Timberwolves,95,108,1.20,4.79,0,0,0
18 Apr 2013,Toronto Raptors,Boston Celtics,114,90,1.43,2.93,1,0,0
17 Apr 2013,Los Angeles Clippers,Portland Trail Blazers,93,77,1.04,13.36,1,0,0
17 Apr 2013,Atlanta Hawks,Toronto Raptors,96,113,1.45,2.86,0,0,0
16 Apr 2013,Golden State Warriors,San Antonio Spurs,116,106,1.38,3.16,1,0,0
16 Apr 2013,Phoenix Suns,Houston Rockets,119,112,3.69,1.30,1,0,0
16 Apr 2013,Dallas Mavericks,Memphis Grizzlies,97,103,2.43,1.60,0,0,0
16 Apr 2013,Milwaukee Bucks,Denver Nuggets,111,112,2.96,1.42,0,0,0
16 Apr 2013,Minnesota Timberwolves,Utah Jazz,80,96,2.61,1.52,0,0,0
16 Apr 2013,Oklahoma City Thunder,Sacramento Kings,104,95,1.04,13.36,1,0,0
15 Apr 2013,Brooklyn Nets,Washington Wizards,106,101,1.56,2.54,1,0,0
15 Apr 2013,Detroit Pistons,Philadelphia 76ers,109,101,1.61,2.41,1,0,0
15 Apr 2013,Charlotte Hornets,New York Knicks,106,95,1.86,1.98,1,0,0
15 Apr 2013,Cleveland Cavaliers,Miami Heat,95,96,1.84,2.00,0,0,0
15 Apr 2013,Orlando Magic,Chicago Bulls,84,102,2.84,1.45,0,0,0
15 Apr 2013,Los Angeles Lakers,San Antonio Spurs,91,86,2.36,1.63,1,0,0
14 Apr 2013,Houston Rockets,Sacramento Kings,121,100,1.13,6.29,1,0,0
14 Apr 2013,New Orleans Pelicans,Dallas Mavericks,89,107,2.34,1.64,0,0,0
14 Apr 2013,Denver Nuggets,Portland Trail Blazers,118,109,1.05,11.96,1,0,0
14 Apr 2013,New York Knicks,Indiana Pacers,90,80,1.66,2.30,1,0,0
14 Apr 2013,Philadelphia 76ers,Cleveland Cavaliers,91,77,1.43,2.94,1,0,0
14 Apr 2013,Toronto Raptors,Brooklyn Nets,93,87,2.45,1.59,1,0,0
14 Apr 2013,Miami Heat,Chicago Bulls,105,93,1.18,5.26,1,0,0
14 Apr 2013,Memphis Grizzlies,Los Angeles Clippers,87,91,1.71,2.21,0,0,0
14 Apr 2013,Minnesota Timberwolves,Phoenix Suns,105,93,1.51,2.70,1,0,0
13 Apr 2013,Charlotte Hornets,Milwaukee Bucks,95,85,2.59,1.55,1,0,0
13 Apr 2013,Orlando Magic,Boston Celtics,88,120,2.70,1.51,0,0,0
13 Apr 2013,Los Angeles Lakers,Golden State Warriors,118,116,1.29,3.77,1,0,0
13 Apr 2013,Portland Trail Blazers,Oklahoma City Thunder,90,106,5.21,1.18,0,0,0
13 Apr 2013,Utah Jazz,Minnesota Timberwolves,107,100,1.20,4.94,1,0,0
13 Apr 2013,Dallas Mavericks,Denver Nuggets,108,105,2.37,1.63,1,0,0
13 Apr 2013,San Antonio Spurs,Sacramento Kings,108,101,1.11,7.09,1,0,0
13 Apr 2013,Houston Rockets,Memphis Grizzlies,78,82,1.74,2.15,0,0,0
13 Apr 2013,New Orleans Pelicans,Los Angeles Clippers,93,96,4.67,1.21,0,0,0
12 Apr 2013,Atlanta Hawks,Milwaukee Bucks,109,104,1.31,3.58,1,0,0
12 Apr 2013,Cleveland Cavaliers,New York Knicks,91,101,2.61,1.53,0,0,0
12 Apr 2013,Detroit Pistons,Charlotte Hornets,113,93,1.31,3.58,1,0,0
12 Apr 2013,Miami Heat,Boston Celtics,109,101,1.10,7.43,1,0,0
12 Apr 2013,Indiana Pacers,Brooklyn Nets,109,117,1.42,2.98,0,0,0
12 Apr 2013,Toronto Raptors,Chicago Bulls,97,88,1.72,2.18,1,0,0
12 Apr 2013,Washington Wizards,Philadelphia 76ers,86,97,1.44,2.90,0,0,0
12 Apr 2013,Golden State Warriors,Oklahoma City Thunder,97,116,2.52,1.56,0,0,0
12 Apr 2013,Chicago Bulls,New York Knicks,118,111,2.47,1.58,1,0,0
11 Apr 2013,Denver Nuggets,San Antonio Spurs,96,86,1.64,2.34,1,0,0
11 Apr 2013,Los Angeles Clippers,Minnesota Timberwolves,111,95,1.10,8.02,1,0,0
11 Apr 2013,Portland Trail Blazers,Los Angeles Lakers,106,113,3.37,1.35,0,0,0
11 Apr 2013,Sacramento Kings,New Orleans Pelicans,121,110,1.42,2.99,1,0,0
11 Apr 2013,Dallas Mavericks,Phoenix Suns,91,102,1.08,8.66,0,0,0
11 Apr 2013,Boston Celtics,Brooklyn Nets,93,101,1.65,2.32,0,0,0
10 Apr 2013,Philadelphia 76ers,Atlanta Hawks,101,124,2.36,1.63,0,0,0
10 Apr 2013,Washington Wizards,Miami Heat,98,103,1.62,2.39,0,0,0
10 Apr 2013,Cleveland Cavaliers,Detroit Pistons,104,111,1.71,2.20,0,0,0
10 Apr 2013,Orlando Magic,Milwaukee Bucks,113,103,2.73,1.49,1,0,0
10 Apr 2013,Golden State Warriors,Minnesota Timberwolves,105,89,1.34,3.39,1,0,0
10 Apr 2013,Los Angeles Lakers,New Orleans Pelicans,104,96,1.22,4.59,1,0,0
10 Apr 2013,Utah Jazz,Oklahoma City Thunder,80,90,2.37,1.63,0,0,0
10 Apr 2013,Chicago Bulls,Toronto Raptors,98,101,1.61,2.41,0,0,0
10 Apr 2013,Houston Rockets,Phoenix Suns,101,98,1.05,11.75,1,0,0
10 Apr 2013,Memphis Grizzlies,Charlotte Hornets,94,75,1.06,10.79,1,0,0
09 Apr 2013,Brooklyn Nets,Philadelphia 76ers,104,83,1.28,3.89,1,0,0
09 Apr 2013,Miami Heat,Milwaukee Bucks,94,83,1.36,3.30,1,0,0
09 Apr 2013,New York Knicks,Washington Wizards,120,99,1.21,4.70,1,0,0
09 Apr 2013,Indiana Pacers,Cleveland Cavaliers,99,94,1.06,11.04,1,0,0
08 Apr 2013,Phoenix Suns,New Orleans Pelicans,92,95,2.16,1.74,0,0,0
08 Apr 2013,Portland Trail Blazers,Dallas Mavericks,91,96,2.49,1.57,0,0,0
08 Apr 2013,Golden State Warriors,Utah Jazz,90,97,1.47,2.79,0,0,0
07 Apr 2013,Detroit Pistons,Chicago Bulls,99,85,2.64,1.52,1,0,0
07 Apr 2013,Boston Celtics,Washington Wizards,107,96,1.31,3.67,1,0,0
07 Apr 2013,Cleveland Cavaliers,Orlando Magic,91,85,1.42,3.00,1,0,0
07 Apr 2013,Sacramento Kings,Memphis Grizzlies,87,89,2.86,1.45,0,0,0
07 Apr 2013,Los Angeles Clippers,Los Angeles Lakers,109,95,1.54,2.59,1,0,0
07 Apr 2013,Oklahoma City Thunder,New York Knicks,120,125,1.30,3.66,0,0,0
07 Apr 2013,Denver Nuggets,Houston Rockets,132,114,1.41,3.02,1,0,0
07 Apr 2013,Milwaukee Bucks,Toronto Raptors,100,83,1.41,3.05,1,0,0
07 Apr 2013,San Antonio Spurs,Atlanta Hawks,99,97,1.15,5.85,1,0,0
07 Apr 2013,Minnesota Timberwolves,Detroit Pistons,107,101,1.40,3.08,1,0,0
06 Apr 2013,Brooklyn Nets,Charlotte Hornets,105,96,1.05,12.36,1,0,0
06 Apr 2013,Miami Heat,Philadelphia 76ers,106,87,1.30,3.75,1,0,0
06 Apr 2013,Washington Wizards,Indiana Pacers,104,85,2.49,1.57,1,0,0
06 Apr 2013,Los Angeles Lakers,Memphis Grizzlies,86,84,1.74,2.15,1,0,0
06 Apr 2013,Portland Trail Blazers,Houston Rockets,98,116,2.88,1.44,0,0,0
06 Apr 2013,Phoenix Suns,Golden State Warriors,107,111,4.02,1.26,0,0,0
06 Apr 2013,Sacramento Kings,Dallas Mavericks,108,117,1.84,2.00,0,0,0
06 Apr 2013,Utah Jazz,New Orleans Pelicans,95,83,1.25,4.20,1,0,0
06 Apr 2013,Charlotte Hornets,Miami Heat,79,89,2.41,1.61,0,0,0
06 Apr 2013,Chicago Bulls,Orlando Magic,87,86,1.24,4.32,1,0,0
06 Apr 2013,Indiana Pacers,Oklahoma City Thunder,75,97,1.67,2.29,0,0,0
06 Apr 2013,Minnesota Timberwolves,Toronto Raptors,93,95,1.38,3.18,0,0,0
05 Apr 2013,Atlanta Hawks,Philadelphia 76ers,90,101,1.36,3.27,0,0,0
05 Apr 2013,Boston Celtics,Cleveland Cavaliers,91,97,1.45,2.86,0,0,0
05 Apr 2013,New York Knicks,Milwaukee Bucks,101,83,1.31,3.61,1,0,0
05 Apr 2013,Oklahoma City Thunder,San Antonio Spurs,100,88,1.28,3.83,1,0,0
05 Apr 2013,Denver Nuggets,Dallas Mavericks,95,94,1.33,3.50,1,0,0
04 Apr 2013,Brooklyn Nets,Chicago Bulls,90,92,1.46,2.84,0,0,0
04 Apr 2013,Golden State Warriors,New Orleans Pelicans,98,88,1.27,4.00,1,0,0
04 Apr 2013,Los Angeles Clippers,Phoenix Suns,126,101,1.03,16.75,1,0,0
04 Apr 2013,Portland Trail Blazers,Memphis Grizzlies,76,94,3.63,1.31,0,0,0
04 Apr 2013,Sacramento Kings,Houston Rockets,102,112,2.51,1.57,0,0,0
04 Apr 2013,Utah Jazz,Denver Nuggets,96,113,1.68,2.26,0,0,0
04 Apr 2013,San Antonio Spurs,Orlando Magic,98,84,1.08,8.95,1,0,0
04 Apr 2013,Milwaukee Bucks,Minnesota Timberwolves,98,107,1.49,2.71,0,0,0
03 Apr 2013,Boston Celtics,Detroit Pistons,98,93,1.35,3.36,1,0,0
03 Apr 2013,Atlanta Hawks,New York Knicks,82,95,1.83,2.01,0,0,0
03 Apr 2013,Charlotte Hornets,Philadelphia 76ers,88,83,2.72,1.49,1,0,0
03 Apr 2013,Cleveland Cavaliers,Brooklyn Nets,95,113,2.72,1.49,0,0,0
03 Apr 2013,Toronto Raptors,Washington Wizards,88,78,1.55,2.56,1,0,0
03 Apr 2013,Los Angeles Lakers,Dallas Mavericks,101,81,1.59,2.45,1,0,0
03 Apr 2013,Miami Heat,New York Knicks,90,102,2.27,1.68,0,0,0
02 Apr 2013,Washington Wizards,Chicago Bulls,90,86,1.76,2.11,1,0,0
02 Apr 2013,Los Angeles Clippers,Indiana Pacers,106,109,1.49,2.71,0,0,0
02 Apr 2013,Utah Jazz,Portland Trail Blazers,112,102,1.16,5.57,1,0,0
02 Apr 2013,Houston Rockets,Orlando Magic,111,103,1.10,7.56,1,0,0
02 Apr 2013,Memphis Grizzlies,San Antonio Spurs,92,90,1.41,3.05,1,0,0
02 Apr 2013,Milwaukee Bucks,Charlotte Hornets,131,102,1.09,8.19,1,0,0
02 Apr 2013,Minnesota Timberwolves,Boston Celtics,110,100,1.48,2.76,1,0,0
01 Apr 2013,Atlanta Hawks,Cleveland Cavaliers,102,94,1.13,6.02,1,0,0
01 Apr 2013,Toronto Raptors,Detroit Pistons,98,108,1.35,3.37,0,0,0
31 Mar 2013,New York Knicks,Boston Celtics,108,89,1.36,3.32,1,0,0
31 Mar 2013,Chicago Bulls,Detroit Pistons,95,94,1.22,4.62,1,0,0
31 Mar 2013,San Antonio Spurs,Miami Heat,86,88,1.67,2.68,0,0,0
31 Mar 2013,New Orleans Pelicans,Cleveland Cavaliers,112,92,1.43,2.94,1,0,0
31 Mar 2013,Washington Wizards,Toronto Raptors,109,92,1.60,2.44,1,0,0
31 Mar 2013,Golden State Warriors,Portland Trail Blazers,125,98,1.19,5.10,1,0,0
31 Mar 2013,Phoenix Suns,Indiana Pacers,104,112,5.67,1.15,0,0,0
31 Mar 2013,Sacramento Kings,Los Angeles Lakers,98,103,2.21,1.70,0,0,0
31 Mar 2013,Utah Jazz,Brooklyn Nets,116,107,1.54,2.57,1,0,0
30 Mar 2013,Milwaukee Bucks,Oklahoma City Thunder,99,109,3.08,1.40,0,0,0
30 Mar 2013,Houston Rockets,Los Angeles Clippers,98,81,2.19,1.72,1,0,0
30 Mar 2013,Minnesota Timberwolves,Memphis Grizzlies,86,99,2.49,1.57,0,0,0
30 Mar 2013,Philadelphia 76ers,Charlotte Hornets,100,92,1.15,5.82,1,0,0
30 Mar 2013,Atlanta Hawks,Orlando Magic,97,88,1.13,6.37,1,0,0
30 Mar 2013,Dallas Mavericks,Chicago Bulls,100,98,1.46,2.85,1,0,0
30 Mar 2013,Portland Trail Blazers,Utah Jazz,95,105,1.80,2.07,0,0,0
30 Mar 2013,Denver Nuggets,Brooklyn Nets,109,87,1.36,3.31,1,0,0
29 Mar 2013,San Antonio Spurs,Los Angeles Clippers,104,102,1.55,2.55,1,0,0
29 Mar 2013,Memphis Grizzlies,Houston Rockets,103,94,1.53,2.60,1,0,0
29 Mar 2013,Minnesota Timberwolves,Oklahoma City Thunder,101,93,4.08,1.26,1,0,0
29 Mar 2013,New Orleans Pelicans,Miami Heat,89,108,3.61,1.31,0,0,0
29 Mar 2013,Boston Celtics,Atlanta Hawks,118,107,1.71,2.21,1,0,0
29 Mar 2013,Cleveland Cavaliers,Philadelphia 76ers,87,97,2.08,1.79,0,0,0
29 Mar 2013,Detroit Pistons,Toronto Raptors,82,99,1.82,2.03,0,0,0
29 Mar 2013,New York Knicks,Charlotte Hornets,111,102,1.06,11.04,1,0,0
29 Mar 2013,Orlando Magic,Washington Wizards,97,92,2.42,1.60,1,0,0
29 Mar 2013,Phoenix Suns,Sacramento Kings,103,117,2.40,1.61,0,0,0
28 Mar 2013,Dallas Mavericks,Indiana Pacers,78,103,1.57,2.51,0,0,0
28 Mar 2013,Milwaukee Bucks,Los Angeles Lakers,113,103,2.17,1.73,1,0,0
28 Mar 2013,Golden State Warriors,Sacramento Kings,98,105,1.20,4.83,0,0,0
28 Mar 2013,Portland Trail Blazers,Brooklyn Nets,93,111,1.63,2.36,0,0,0
28 Mar 2013,Utah Jazz,Phoenix Suns,103,88,1.08,9.02,1,0,0
27 Mar 2013,San Antonio Spurs,Denver Nuggets,100,99,1.33,3.47,1,0,0
27 Mar 2013,Oklahoma City Thunder,Washington Wizards,103,80,1.04,12.93,1,0,0
27 Mar 2013,Chicago Bulls,Miami Heat,101,97,3.25,1.37,1,0,0
27 Mar 2013,Houston Rockets,Indiana Pacers,91,100,1.43,2.95,0,0,0
27 Mar 2013,Minnesota Timberwolves,Los Angeles Lakers,117,120,2.68,1.51,0,0,0
27 Mar 2013,New Orleans Pelicans,Los Angeles Clippers,91,105,3.01,1.41,0,0,0
27 Mar 2013,New York Knicks,Memphis Grizzlies,108,101,1.92,1.91,1,0,0
27 Mar 2013,Charlotte Hornets,Orlando Magic,114,108,1.68,2.25,1,0,0
27 Mar 2013,Cleveland Cavaliers,Boston Celtics,92,93,2.23,1.70,0,0,0
27 Mar 2013,Philadelphia 76ers,Milwaukee Bucks,100,92,1.95,1.88,1,0,0
27 Mar 2013,Toronto Raptors,Atlanta Hawks,88,107,2.21,1.71,0,0,0
27 Mar 2013,Dallas Mavericks,Los Angeles Clippers,109,102,2.01,1.83,1,0,0
26 Mar 2013,Detroit Pistons,Minnesota Timberwolves,82,105,2.05,1.80,0,0,0
26 Mar 2013,Boston Celtics,New York Knicks,85,100,1.68,2.26,0,0,0
26 Mar 2013,Golden State Warriors,Los Angeles Lakers,109,103,1.84,2.00,1,0,0
26 Mar 2013,Utah Jazz,Philadelphia 76ers,107,91,1.31,3.64,1,0,0
25 Mar 2013,New Orleans Pelicans,Denver Nuggets,110,86,3.70,1.30,1,0,0
25 Mar 2013,Indiana Pacers,Atlanta Hawks,100,94,1.35,3.32,1,0,0
25 Mar 2013,Orlando Magic,Miami Heat,94,108,8.00,1.09,0,0,0
25 Mar 2013,Washington Wizards,Memphis Grizzlies,107,94,2.75,1.48,1,0,0
25 Mar 2013,Phoenix Suns,Brooklyn Nets,100,102,3.17,1.39,0,0,0
25 Mar 2013,Sacramento Kings,Philadelphia 76ers,103,117,1.63,2.36,0,0,0
24 Mar 2013,Dallas Mavericks,Utah Jazz,113,108,1.39,3.11,1,0,0
24 Mar 2013,Houston Rockets,San Antonio Spurs,96,95,2.00,1.84,1,0,0
24 Mar 2013,Minnesota Timberwolves,Chicago Bulls,97,104,1.70,2.22,0,0,0
24 Mar 2013,Oklahoma City Thunder,Portland Trail Blazers,103,83,1.12,6.86,1,0,0
24 Mar 2013,Miami Heat,Charlotte Hornets,109,77,1.02,16.14,1,0,0
24 Mar 2013,Milwaukee Bucks,Atlanta Hawks,99,104,1.74,2.15,0,0,0
24 Mar 2013,Golden State Warriors,Washington Wizards,101,92,1.25,4.17,1,0,0
24 Mar 2013,Los Angeles Clippers,Brooklyn Nets,101,95,1.29,3.75,1,0,0
24 Mar 2013,Denver Nuggets,Sacramento Kings,101,95,1.11,7.14,1,0,0
23 Mar 2013,Chicago Bulls,Indiana Pacers,87,84,1.81,2.04,1,0,0
23 Mar 2013,Memphis Grizzlies,Boston Celtics,110,106,1.30,3.72,1,0,0
23 Mar 2013,New York Knicks,Toronto Raptors,110,84,1.33,3.49,1,0,0
23 Mar 2013,Charlotte Hornets,Detroit Pistons,91,92,1.85,1.99,0,0,0
23 Mar 2013,Los Angeles Lakers,Washington Wizards,100,103,1.22,4.53,0,0,0
23 Mar 2013,Phoenix Suns,Minnesota Timberwolves,86,117,1.81,2.05,0,0,0
22 Mar 2013,Dallas Mavericks,Boston Celtics,104,94,1.54,2.59,1,0,0
22 Mar 2013,San Antonio Spurs,Utah Jazz,104,97,1.12,6.80,1,0,0
22 Mar 2013,Houston Rockets,Cleveland Cavaliers,116,78,1.10,7.49,1,0,0
22 Mar 2013,New Orleans Pelicans,Memphis Grizzlies,90,83,3.18,1.38,1,0,0
22 Mar 2013,Atlanta Hawks,Portland Trail Blazers,93,104,1.31,3.65,0,0,0
22 Mar 2013,Miami Heat,Detroit Pistons,103,89,1.03,14.79,1,0,0
22 Mar 2013,Indiana Pacers,Milwaukee Bucks,102,78,1.25,4.12,1,0,0
22 Mar 2013,Orlando Magic,Oklahoma City Thunder,89,97,10.58,1.06,0,0,0
22 Mar 2013,Toronto Raptors,New York Knicks,94,99,1.87,1.97,0,0,0
22 Mar 2013,Sacramento Kings,Minnesota Timberwolves,101,98,1.38,3.16,1,0,0
22 Mar 2013,Denver Nuggets,Philadelphia 76ers,101,100,1.06,10.18,1,0,0
21 Mar 2013,Chicago Bulls,Portland Trail Blazers,89,99,1.40,3.05,0,0,0
21 Mar 2013,Los Angeles Clippers,Philadelphia 76ers,101,72,1.12,6.35,1,0,0
21 Mar 2013,Phoenix Suns,Washington Wizards,79,88,1.91,1.92,0,0,0
20 Mar 2013,San Antonio Spurs,Golden State Warriors,104,93,1.26,4.06,1,0,0
20 Mar 2013,Dallas Mavericks,Brooklyn Nets,96,113,1.58,2.47,0,0,0
20 Mar 2013,Houston Rockets,Utah Jazz,100,93,1.29,3.77,1,0,0
20 Mar 2013,Memphis Grizzlies,Oklahoma City Thunder,90,89,1.87,1.97,1,0,0
20 Mar 2013,New Orleans Pelicans,Boston Celtics,87,86,2.75,1.48,1,0,0
20 Mar 2013,Atlanta Hawks,Milwaukee Bucks,98,90,1.41,3.01,1,0,0
20 Mar 2013,New York Knicks,Orlando Magic,106,94,1.13,6.27,1,0,0
20 Mar 2013,Charlotte Hornets,Toronto Raptors,107,101,3.17,1.38,1,0,0
20 Mar 2013,Cleveland Cavaliers,Miami Heat,95,98,7.91,1.10,0,0,0
20 Mar 2013,Sacramento Kings,Los Angeles Clippers,116,101,4.77,1.21,1,0,0
19 Mar 2013,Milwaukee Bucks,Portland Trail Blazers,102,95,1.46,2.84,1,0,0
19 Mar 2013,Oklahoma City Thunder,Denver Nuggets,104,114,1.18,5.24,0,0,0
19 Mar 2013,Indiana Pacers,Orlando Magic,95,73,1.12,6.63,1,0,0
19 Mar 2013,Utah Jazz,New York Knicks,83,90,1.17,5.38,0,0,0
19 Mar 2013,Phoenix Suns,Los Angeles Lakers,99,76,2.44,1.60,1,0,0
18 Mar 2013,Boston Celtics,Miami Heat,103,105,3.12,1.39,0,0,0
18 Mar 2013,Chicago Bulls,Denver Nuggets,118,119,2.39,1.62,0,0,0
18 Mar 2013,Memphis Grizzlies,Minnesota Timberwolves,92,77,1.08,8.69,1,0,0
18 Mar 2013,New Orleans Pelicans,Golden State Warriors,72,93,2.42,1.60,0,0,0
18 Mar 2013,Atlanta Hawks,Dallas Mavericks,113,127,1.55,2.57,0,0,0
18 Mar 2013,Detroit Pistons,Brooklyn Nets,82,119,2.52,1.56,0,0,0
18 Mar 2013,Charlotte Hornets,Washington Wizards,119,114,3.36,1.35,1,0,0
18 Mar 2013,Cleveland Cavaliers,Indiana Pacers,90,111,3.46,1.33,0,0,0
18 Mar 2013,Philadelphia 76ers,Portland Trail Blazers,101,100,1.86,1.97,1,0,0
18 Mar 2013,Los Angeles Lakers,Sacramento Kings,113,102,1.24,4.29,1,0,0
17 Mar 2013,Brooklyn Nets,Atlanta Hawks,93,105,1.56,2.52,0,0,0
17 Mar 2013,Dallas Mavericks,Oklahoma City Thunder,101,107,2.85,1.45,0,0,0
17 Mar 2013,Houston Rockets,Golden State Warriors,78,108,1.31,3.64,0,0,0
17 Mar 2013,Minnesota Timberwolves,New Orleans Pelicans,97,95,1.82,2.02,1,0,0
17 Mar 2013,Los Angeles Clippers,New York Knicks,93,80,1.09,8.94,1,0,0
17 Mar 2013,Milwaukee Bucks,Orlando Magic,115,109,1.23,4.37,1,0,0
17 Mar 2013,Toronto Raptors,Miami Heat,91,108,3.76,1.29,0,0,0
17 Mar 2013,Portland Trail Blazers,Detroit Pistons,112,101,1.14,5.86,1,0,0
17 Mar 2013,Utah Jazz,Memphis Grizzlies,90,84,1.69,2.24,1,0,0
16 Mar 2013,San Antonio Spurs,Cleveland Cavaliers,119,113,1.04,13.14,1,0,0
16 Mar 2013,Boston Celtics,Charlotte Hornets,105,88,1.04,13.17,1,0,0
16 Mar 2013,Philadelphia 76ers,Indiana Pacers,98,91,2.88,1.45,1,0,0
16 Mar 2013,Washington Wizards,Phoenix Suns,127,105,1.29,3.75,1,0,0
16 Mar 2013,Golden State Warriors,Chicago Bulls,95,113,1.53,2.61,0,0,0
16 Mar 2013,Denver Nuggets,Memphis Grizzlies,87,80,1.44,2.90,1,0,0
15 Mar 2013,Dallas Mavericks,Cleveland Cavaliers,96,86,1.24,4.24,1,0,0
15 Mar 2013,Milwaukee Bucks,Miami Heat,94,107,2.99,1.42,0,0,0
15 Mar 2013,Houston Rockets,Minnesota Timberwolves,108,100,1.05,11.79,1,0,0
15 Mar 2013,Oklahoma City Thunder,Orlando Magic,117,104,1.02,17.32,1,0,0
15 Mar 2013,Atlanta Hawks,Phoenix Suns,107,94,1.23,4.39,1,0,0
15 Mar 2013,Indiana Pacers,Los Angeles Lakers,93,99,1.24,4.24,0,0,0
15 Mar 2013,Toronto Raptors,Charlotte Hornets,92,78,1.10,7.51,1,0,0
15 Mar 2013,Washington Wizards,New Orleans Pelicans,96,87,1.62,2.38,1,0,0
15 Mar 2013,Portland Trail Blazers,New York Knicks,105,90,1.36,3.28,1,0,0
14 Mar 2013,San Antonio Spurs,Dallas Mavericks,92,91,1.19,4.98,1,0,0
14 Mar 2013,Los Angeles Clippers,Memphis Grizzlies,85,96,1.34,3.44,0,0,0
14 Mar 2013,Denver Nuggets,New York Knicks,117,94,1.21,4.63,1,0,0
14 Mar 2013,Golden State Warriors,Detroit Pistons,105,97,1.12,6.62,1,0,0
14 Mar 2013,Sacramento Kings,Chicago Bulls,121,79,2.44,1.60,1,0,0
13 Mar 2013,Houston Rockets,Phoenix Suns,111,81,1.10,7.84,1,0,0
13 Mar 2013,Oklahoma City Thunder,Utah Jazz,110,87,1.07,10.13,1,0,0
13 Mar 2013,Atlanta Hawks,Los Angeles Lakers,96,92,2.38,1.62,1,0,0
13 Mar 2013,Boston Celtics,Toronto Raptors,112,88,1.49,2.72,1,0,0
13 Mar 2013,Indiana Pacers,Minnesota Timberwolves,107,91,1.04,14.04,1,0,0
13 Mar 2013,Philadelphia 76ers,Miami Heat,94,98,4.27,1.24,0,0,0
13 Mar 2013,Washington Wizards,Milwaukee Bucks,106,93,2.02,1.83,1,0,0
13 Mar 2013,Portland Trail Blazers,Memphis Grizzlies,97,102,2.05,1.81,0,0,0
12 Mar 2013,Milwaukee Bucks,Dallas Mavericks,108,115,1.76,2.13,0,0,0
12 Mar 2013,Minnesota Timberwolves,San Antonio Spurs,107,83,4.58,1.22,1,0,0
12 Mar 2013,Brooklyn Nets,New Orleans Pelicans,108,98,1.41,3.04,1,0,0
12 Mar 2013,Miami Heat,Atlanta Hawks,98,81,1.17,5.39,1,0,0
12 Mar 2013,Charlotte Hornets,Boston Celtics,100,74,5.92,1.14,1,0,0
12 Mar 2013,Cleveland Cavaliers,Washington Wizards,95,90,1.97,1.87,1,0,0
12 Mar 2013,Orlando Magic,Los Angeles Lakers,97,106,4.32,1.24,0,0,0
12 Mar 2013,Golden State Warriors,New York Knicks,92,63,1.73,2.17,1,0,0
12 Mar 2013,Phoenix Suns,Denver Nuggets,93,108,4.54,1.22,0,0,0
12 Mar 2013,Utah Jazz,Detroit Pistons,103,90,1.14,6.15,1,0,0
11 Mar 2013,San Antonio Spurs,Oklahoma City Thunder,105,93,1.77,2.11,1,0,0
11 Mar 2013,Philadelphia 76ers,Brooklyn Nets,106,97,3.41,1.34,1,0,0
11 Mar 2013,Los Angeles Clippers,Detroit Pistons,129,97,1.06,10.97,1,0,0
11 Mar 2013,Sacramento Kings,Milwaukee Bucks,113,115,1.88,1.95,0,0,0
10 Mar 2013,Minnesota Timberwolves,Dallas Mavericks,77,100,3.46,1.33,0,0,0
10 Mar 2013,New Orleans Pelicans,Portland Trail Blazers,98,96,2.45,1.59,1,0,0
10 Mar 2013,Miami Heat,Indiana Pacers,105,91,1.33,3.51,1,0,0
10 Mar 2013,Orlando Magic,Philadelphia 76ers,99,91,1.96,1.88,1,0,0
10 Mar 2013,Toronto Raptors,Cleveland Cavaliers,100,96,1.43,2.92,1,0,0
10 Mar 2013,Los Angeles Lakers,Chicago Bulls,90,81,1.49,2.72,1,0,0
10 Mar 2013,Oklahoma City Thunder,Boston Celtics,91,79,1.13,6.50,1,0,0
10 Mar 2013,Golden State Warriors,Milwaukee Bucks,93,103,1.70,2.23,0,0,0
10 Mar 2013,Denver Nuggets,Minnesota Timberwolves,111,88,1.03,13.75,1,0,0
10 Mar 2013,Phoenix Suns,Houston Rockets,107,105,3.51,1.33,1,0,0
10 Mar 2013,Memphis Grizzlies,New Orleans Pelicans,96,85,1.30,3.67,1,0,0
10 Mar 2013,Washington Wizards,Charlotte Hornets,104,87,1.14,6.09,1,0,0
09 Mar 2013,New York Knicks,Utah Jazz,113,84,1.42,2.97,1,0,0
09 Mar 2013,Atlanta Hawks,Brooklyn Nets,80,93,1.62,2.36,0,0,0
09 Mar 2013,Golden State Warriors,Houston Rockets,88,94,1.77,2.11,0,0,0
09 Mar 2013,Los Angeles Lakers,Toronto Raptors,118,116,1.27,3.94,1,0,0
09 Mar 2013,Sacramento Kings,Phoenix Suns,121,112,1.32,3.58,1,0,0
09 Mar 2013,San Antonio Spurs,Portland Trail Blazers,106,136,1.11,7.47,0,0,0
09 Mar 2013,Boston Celtics,Atlanta Hawks,107,102,1.55,2.55,1,0,0
09 Mar 2013,Chicago Bulls,Utah Jazz,89,88,1.55,2.56,1,0,0
09 Mar 2013,Miami Heat,Philadelphia 76ers,102,93,1.06,10.14,1,0,0
08 Mar 2013,Brooklyn Nets,Washington Wizards,95,78,1.41,3.05,1,0,0
08 Mar 2013,Cleveland Cavaliers,Memphis Grizzlies,92,103,2.67,1.51,0,0,0
08 Mar 2013,Detroit Pistons,Dallas Mavericks,99,102,2.49,1.58,0,0,0
08 Mar 2013,Orlando Magic,Indiana Pacers,86,115,4.89,1.20,0,0,0
08 Mar 2013,Charlotte Hornets,Oklahoma City Thunder,94,116,14.79,1.03,0,0,0
08 Mar 2013,Denver Nuggets,Los Angeles Clippers,107,92,1.58,2.47,1,0,0
08 Mar 2013,New York Knicks,Oklahoma City Thunder,94,95,3.93,1.28,0,0,0
07 Mar 2013,Golden State Warriors,Sacramento Kings,87,83,1.13,6.33,1,0,0
07 Mar 2013,Los Angeles Clippers,Milwaukee Bucks,117,101,1.17,5.39,1,0,0
07 Mar 2013,Phoenix Suns,Toronto Raptors,71,98,1.96,1.88,0,0,0
07 Mar 2013,San Antonio Spurs,Chicago Bulls,101,83,1.25,4.17,1,0,0
07 Mar 2013,Dallas Mavericks,Houston Rockets,112,108,1.81,2.04,1,0,0
07 Mar 2013,Memphis Grizzlies,Portland Trail Blazers,91,85,1.31,3.66,1,0,0
07 Mar 2013,Minnesota Timberwolves,Washington Wizards,87,82,2.10,1.77,1,0,0
07 Mar 2013,New Orleans Pelicans,Los Angeles Lakers,102,108,2.14,1.75,0,0,0
06 Mar 2013,Atlanta Hawks,Philadelphia 76ers,107,96,1.23,4.48,1,0,0
06 Mar 2013,Detroit Pistons,New York Knicks,77,87,2.89,1.44,0,0,0
06 Mar 2013,Miami Heat,Orlando Magic,97,96,1.03,15.33,1,0,0
06 Mar 2013,Charlotte Hornets,Brooklyn Nets,78,99,5.25,1.17,0,0,0
06 Mar 2013,Cleveland Cavaliers,Utah Jazz,104,101,1.86,1.98,1,0,0
06 Mar 2013,Indiana Pacers,Boston Celtics,81,83,1.20,4.76,0,0,0
06 Mar 2013,Sacramento Kings,Denver Nuggets,113,120,2.66,1.51,0,0,0
06 Mar 2013,Oklahoma City Thunder,Los Angeles Lakers,122,105,1.20,4.90,1,0,0
05 Mar 2013,Philadelphia 76ers,Boston Celtics,101,109,2.28,1.67,0,0,0
05 Mar 2013,Golden State Warriors,Toronto Raptors,125,118,1.37,3.23,1,0,0
05 Mar 2013,Portland Trail Blazers,Charlotte Hornets,122,105,1.07,9.96,1,0,0
05 Mar 2013,Denver Nuggets,Atlanta Hawks,104,88,1.19,4.92,1,0,0
05 Mar 2013,Milwaukee Bucks,Utah Jazz,109,108,1.53,2.61,1,0,0
05 Mar 2013,Minnesota Timberwolves,Miami Heat,81,97,5.64,1.15,0,0,0
05 Mar 2013,New Orleans Pelicans,Orlando Magic,102,105,1.20,4.79,0,0,0
04 Mar 2013,Cleveland Cavaliers,New York Knicks,97,102,2.32,1.65,0,0,0
04 Mar 2013,Los Angeles Lakers,Atlanta Hawks,99,98,1.41,3.04,1,0,0
04 Mar 2013,Indiana Pacers,Chicago Bulls,97,92,1.28,3.84,1,0,0
03 Mar 2013,Houston Rockets,Dallas Mavericks,136,103,1.43,2.95,1,0,0
03 Mar 2013,San Antonio Spurs,Detroit Pistons,114,75,1.08,9.46,1,0,0
03 Mar 2013,Orlando Magic,Memphis Grizzlies,82,108,4.52,1.22,0,0,0
03 Mar 2013,Sacramento Kings,Charlotte Hornets,119,83,1.30,3.68,1,0,0
03 Mar 2013,Washington Wizards,Philadelphia 76ers,90,87,1.42,2.98,1,0,0
03 Mar 2013,Los Angeles Clippers,Oklahoma City Thunder,104,108,1.69,2.25,0,0,0
03 Mar 2013,New York Knicks,Miami Heat,93,99,2.63,1.52,0,0,0
03 Mar 2013,Portland Trail Blazers,Minnesota Timberwolves,109,94,1.27,3.98,1,0,0
03 Mar 2013,Milwaukee Bucks,Toronto Raptors,122,114,1.40,3.13,1,0,0
03 Mar 2013,Chicago Bulls,Brooklyn Nets,96,85,1.51,2.65,1,0,0
02 Mar 2013,Philadelphia 76ers,Golden State Warriors,104,97,2.09,1.77,1,0,0
02 Mar 2013,Denver Nuggets,Oklahoma City Thunder,105,103,2.08,1.78,1,0,0
02 Mar 2013,Phoenix Suns,Atlanta Hawks,92,87,2.51,1.56,1,0,0
02 Mar 2013,Utah Jazz,Charlotte Hornets,98,68,1.21,4.73,1,0,0
02 Mar 2013,San Antonio Spurs,Sacramento Kings,130,102,1.05,12.32,1,0,0
02 Mar 2013,Brooklyn Nets,Dallas Mavericks,90,98,1.64,2.34,0,0,0
02 Mar 2013,Miami Heat,Memphis Grizzlies,98,91,1.29,3.78,1,0,0
02 Mar 2013,New Orleans Pelicans,Detroit Pistons,100,95,1.60,2.43,1,0,0
01 Mar 2013,Boston Celtics,Golden State Warriors,94,86,1.57,2.49,1,0,0
01 Mar 2013,Cleveland Cavaliers,Los Angeles Clippers,89,105,3.70,1.30,0,0,0
01 Mar 2013,Toronto Raptors,Indiana Pacers,81,93,2.10,1.77,0,0,0
01 Mar 2013,Orlando Magic,Houston Rockets,110,118,4.52,1.22,0,0,0
01 Mar 2013,Washington Wizards,New York Knicks,88,96,2.27,1.67,0,0,0
01 Mar 2013,Los Angeles Lakers,Minnesota Timberwolves,116,94,1.15,5.74,1,0,0
01 Mar 2013,Chicago Bulls,Philadelphia 76ers,93,82,1.32,3.56,1,0,0
28 Feb 2013,Indiana Pacers,Los Angeles Clippers,91,99,1.85,1.99,0,0,0
28 Feb 2013,Portland Trail Blazers,Denver Nuggets,109,111,2.14,1.75,0,0,0
28 Feb 2013,Utah Jazz,Atlanta Hawks,91,102,1.59,2.46,0,0,0
28 Feb 2013,San Antonio Spurs,Phoenix Suns,101,105,1.03,16.32,0,0,0
28 Feb 2013,Houston Rockets,Milwaukee Bucks,107,110,1.24,4.30,0,0,0
28 Feb 2013,Memphis Grizzlies,Dallas Mavericks,90,84,1.30,3.74,1,0,0
28 Feb 2013,New York Knicks,Golden State Warriors,109,105,1.30,3.69,1,0,0
28 Feb 2013,Oklahoma City Thunder,New Orleans Pelicans,119,74,1.04,13.36,1,0,0
27 Feb 2013,Cleveland Cavaliers,Toronto Raptors,103,92,2.63,1.52,1,0,0
27 Feb 2013,Orlando Magic,Sacramento Kings,101,125,1.81,2.04,0,0,0
27 Feb 2013,Washington Wizards,Detroit Pistons,95,96,1.34,3.41,0,0,0
27 Feb 2013,Los Angeles Clippers,Charlotte Hornets,106,84,1.03,16.71,1,0,0
27 Feb 2013,Phoenix Suns,Minnesota Timberwolves,84,83,1.84,2.00,1,0,0
27 Feb 2013,Dallas Mavericks,Milwaukee Bucks,90,95,1.46,2.83,0,0,0
27 Feb 2013,Chicago Bulls,Cleveland Cavaliers,98,101,1.24,4.36,0,0,0
27 Feb 2013,New Orleans Pelicans,Brooklyn Nets,97,101,1.73,2.17,0,0,0
26 Feb 2013,Miami Heat,Sacramento Kings,141,129,1.03,15.36,1,0,0
26 Feb 2013,Indiana Pacers,Golden State Warriors,108,97,1.25,4.14,1,0,0
26 Feb 2013,Philadelphia 76ers,Orlando Magic,84,98,1.20,4.79,0,0,0
26 Feb 2013,Denver Nuggets,Los Angeles Lakers,119,108,1.34,3.44,1,0,0
26 Feb 2013,Utah Jazz,Boston Celtics,107,110,1.30,3.72,0,0,0
25 Feb 2013,Detroit Pistons,Atlanta Hawks,103,114,2.43,1.60,0,0,0
25 Feb 2013,Toronto Raptors,Washington Wizards,84,90,1.42,2.96,0,0,0
25 Feb 2013,Oklahoma City Thunder,Chicago Bulls,102,72,1.20,4.94,1,0,0
25 Feb 2013,Portland Trail Blazers,Boston Celtics,92,86,1.79,2.07,1,0,0
25 Feb 2013,Phoenix Suns,San Antonio Spurs,87,97,4.79,1.21,0,0,0
24 Feb 2013,Brooklyn Nets,Memphis Grizzlies,72,76,2.23,1.70,0,0,0
24 Feb 2013,New York Knicks,Philadelphia 76ers,99,93,1.14,6.00,1,0,0
24 Feb 2013,Miami Heat,Cleveland Cavaliers,109,105,1.08,8.66,1,0,0
24 Feb 2013,New Orleans Pelicans,Sacramento Kings,110,95,1.32,3.55,1,0,0
24 Feb 2013,Minnesota Timberwolves,Golden State Warriors,99,100,2.11,1.76,0,0,0
24 Feb 2013,Dallas Mavericks,Los Angeles Lakers,99,103,1.66,2.29,0,0,0
24 Feb 2013,Los Angeles Clippers,Utah Jazz,107,94,1.18,5.29,1,0,0
24 Feb 2013,Milwaukee Bucks,Atlanta Hawks,102,103,1.54,2.58,0,0,0
23 Feb 2013,Detroit Pistons,Indiana Pacers,72,90,2.68,1.51,0,0,0
23 Feb 2013,Philadelphia 76ers,Miami Heat,90,114,4.39,1.23,0,0,0
23 Feb 2013,Charlotte Hornets,Denver Nuggets,99,113,5.43,1.17,0,0,0
23 Feb 2013,Orlando Magic,Cleveland Cavaliers,94,118,2.76,1.47,0,0,0
23 Feb 2013,Washington Wizards,Houston Rockets,105,103,2.02,1.83,1,0,0
23 Feb 2013,Golden State Warriors,San Antonio Spurs,107,101,2.48,1.58,1,0,0
23 Feb 2013,Los Angeles Lakers,Portland Trail Blazers,111,107,1.18,5.19,1,0,0
23 Feb 2013,Phoenix Suns,Boston Celtics,88,113,2.01,1.83,0,0,0
23 Feb 2013,Memphis Grizzlies,Orlando Magic,88,82,1.05,12.46,1,0,0
23 Feb 2013,New Orleans Pelicans,Dallas Mavericks,100,104,1.99,1.85,0,0,0
23 Feb 2013,Oklahoma City Thunder,Minnesota Timberwolves,127,111,1.05,12.07,1,0,0
22 Feb 2013,Brooklyn Nets,Houston Rockets,96,106,2.00,1.84,0,0,0
22 Feb 2013,Atlanta Hawks,Sacramento Kings,122,108,1.27,3.96,1,0,0
22 Feb 2013,Charlotte Hornets,Chicago Bulls,75,105,3.35,1.35,0,0,0
22 Feb 2013,Indiana Pacers,Detroit Pistons,114,82,1.19,5.06,1,0,0
22 Feb 2013,Toronto Raptors,New York Knicks,100,98,1.99,1.85,1,0,0
22 Feb 2013,Washington Wizards,Denver Nuggets,119,113,2.33,1.64,1,0,0
22 Feb 2013,Los Angeles Clippers,San Antonio Spurs,90,116,1.56,2.51,0,0,0
22 Feb 2013,Chicago Bulls,Miami Heat,67,86,2.41,1.61,0,0,0
21 Feb 2013,Golden State Warriors,Phoenix Suns,108,98,1.22,4.50,1,0,0
21 Feb 2013,Los Angeles Lakers,Boston Celtics,113,99,1.32,3.53,1,0,0
21 Feb 2013,Dallas Mavericks,Orlando Magic,111,96,1.11,7.06,1,0,0
21 Feb 2013,Atlanta Hawks,Miami Heat,90,103,2.96,1.42,0,0,0
21 Feb 2013,Cleveland Cavaliers,New Orleans Pelicans,105,100,1.64,2.35,1,0,0
21 Feb 2013,Houston Rockets,Oklahoma City Thunder,122,119,2.37,1.63,1,0,0
21 Feb 2013,Milwaukee Bucks,Brooklyn Nets,94,97,1.56,2.53,0,0,0
21 Feb 2013,Minnesota Timberwolves,Philadelphia 76ers,94,87,1.62,2.40,1,0,0
20 Feb 2013,Charlotte Hornets,Detroit Pistons,99,105,2.37,1.63,0,0,0
20 Feb 2013,Indiana Pacers,New York Knicks,125,91,1.60,2.43,1,0,0
20 Feb 2013,Toronto Raptors,Memphis Grizzlies,82,88,1.95,1.88,0,0,0
20 Feb 2013,Portland Trail Blazers,Phoenix Suns,98,102,1.38,3.20,0,0,0
20 Feb 2013,Sacramento Kings,San Antonio Spurs,102,108,4.92,1.20,0,0,0
20 Feb 2013,Denver Nuggets,Boston Celtics,97,90,1.22,4.54,1,0,0
20 Feb 2013,Utah Jazz,Golden State Warriors,115,101,1.62,2.37,1,0,0
20 Feb 2013,New Orleans Pelicans,Chicago Bulls,87,96,2.04,1.81,0,0,0
19 Feb 2013,Brooklyn Nets,Milwaukee Bucks,113,111,1.48,2.76,1,0,0
19 Feb 2013,Detroit Pistons,Memphis Grizzlies,91,105,2.26,1.68,0,0,0
19 Feb 2013,Orlando Magic,Charlotte Hornets,92,105,1.49,2.70,0,0,0
19 Feb 2013,Washington Wizards,Toronto Raptors,88,96,1.68,2.25,0,0,0
18 Feb 2013,West,East,143,138,1.73,2.18,1,1,0
16 Feb 2013,Team Chuck,Team Shaq,163,135,2.63,1.52,1,1,0
15 Feb 2013,Los Angeles Lakers,Los Angeles Clippers,101,125,2.48,1.58,0,0,0
15 Feb 2013,Oklahoma City Thunder,Miami Heat,100,110,1.48,2.75,0,0,0
14 Feb 2013,Los Angeles Clippers,Houston Rockets,106,96,1.15,5.83,1,0,0
14 Feb 2013,Dallas Mavericks,Sacramento Kings,123,100,1.15,5.83,1,0,0
14 Feb 2013,Milwaukee Bucks,Philadelphia 76ers,94,92,1.41,3.01,1,0,0
14 Feb 2013,Minnesota Timberwolves,Utah Jazz,93,97,1.76,2.12,0,0,0
14 Feb 2013,New Orleans Pelicans,Portland Trail Blazers,99,63,1.49,2.72,1,0,0
13 Feb 2013,Boston Celtics,Chicago Bulls,71,69,1.71,2.20,1,0,0
13 Feb 2013,Brooklyn Nets,Denver Nuggets,119,108,1.70,2.22,1,0,0
13 Feb 2013,Detroit Pistons,Washington Wizards,96,85,1.77,2.10,1,0,0
13 Feb 2013,New York Knicks,Toronto Raptors,88,92,1.24,4.30,0,0,0
13 Feb 2013,Cleveland Cavaliers,San Antonio Spurs,95,96,3.97,1.27,0,0,0
13 Feb 2013,Indiana Pacers,Charlotte Hornets,101,77,1.13,6.38,1,0,0
13 Feb 2013,Orlando Magic,Atlanta Hawks,76,108,2.19,1.72,0,0,0
13 Feb 2013,Golden State Warriors,Houston Rockets,107,116,1.54,2.58,0,0,0
13 Feb 2013,Los Angeles Lakers,Phoenix Suns,91,85,1.20,4.92,1,0,0
13 Feb 2013,Utah Jazz,Oklahoma City Thunder,109,94,3.07,1.40,1,0,0
13 Feb 2013,Memphis Grizzlies,Sacramento Kings,108,101,1.12,6.61,1,0,0
12 Feb 2013,Miami Heat,Portland Trail Blazers,117,104,1.11,7.25,1,0,0
12 Feb 2013,Toronto Raptors,Denver Nuggets,109,108,1.84,2.01,1,0,0
12 Feb 2013,Dallas Mavericks,Atlanta Hawks,101,105,1.45,2.86,0,0,0
12 Feb 2013,Chicago Bulls,San Antonio Spurs,89,103,1.61,2.40,0,0,0
12 Feb 2013,Milwaukee Bucks,Washington Wizards,90,102,1.55,2.55,0,0,0
11 Feb 2013,Detroit Pistons,New Orleans Pelicans,86,105,1.40,3.08,0,0,0
11 Feb 2013,Charlotte Hornets,Boston Celtics,94,91,2.64,1.52,1,0,0
11 Feb 2013,Cleveland Cavaliers,Minnesota Timberwolves,92,100,1.32,3.56,0,0,0
11 Feb 2013,Indiana Pacers,Brooklyn Nets,84,89,1.19,5.03,0,0,0
11 Feb 2013,Philadelphia 76ers,Los Angeles Clippers,90,107,2.65,1.51,0,0,0
11 Feb 2013,Sacramento Kings,Houston Rockets,117,111,3.24,1.37,1,0,0
11 Feb 2013,Brooklyn Nets,San Antonio Spurs,86,111,2.18,1.73,0,0,0
11 Feb 2013,Phoenix Suns,Oklahoma City Thunder,69,97,4.49,1.22,0,0,0
10 Feb 2013,Boston Celtics,Denver Nuggets,118,114,1.76,2.12,1,0,0
10 Feb 2013,Memphis Grizzlies,Minnesota Timberwolves,105,88,1.21,4.66,1,0,0
10 Feb 2013,Orlando Magic,Portland Trail Blazers,110,104,2.28,1.67,1,0,0
10 Feb 2013,Toronto Raptors,New Orleans Pelicans,102,89,1.58,2.46,1,0,0
10 Feb 2013,Miami Heat,Los Angeles Lakers,107,97,1.22,4.62,1,0,0
10 Feb 2013,New York Knicks,Los Angeles Clippers,88,102,1.60,2.44,0,0,0
10 Feb 2013,Sacramento Kings,Utah Jazz,120,109,1.85,1.99,1,0,0
10 Feb 2013,Dallas Mavericks,Golden State Warriors,116,91,1.43,2.93,1,0,0
10 Feb 2013,Milwaukee Bucks,Detroit Pistons,100,105,1.32,3.58,0,0,0
10 Feb 2013,Philadelphia 76ers,Charlotte Hornets,87,76,1.19,5.07,1,0,0
09 Feb 2013,Cleveland Cavaliers,Denver Nuggets,103,111,3.04,1.41,0,0,0
09 Feb 2013,Utah Jazz,Chicago Bulls,89,93,1.57,2.51,0,0,0
09 Feb 2013,Houston Rockets,Portland Trail Blazers,118,103,1.31,3.61,1,0,0
09 Feb 2013,Memphis Grizzlies,Golden State Warriors,99,93,1.61,2.40,1,0,0
09 Feb 2013,Miami Heat,Los Angeles Clippers,111,89,1.61,2.42,1,0,0
09 Feb 2013,Minnesota Timberwolves,New York Knicks,94,100,3.23,1.37,0,0,0
09 Feb 2013,Oklahoma City Thunder,Phoenix Suns,127,96,1.06,10.35,1,0,0
08 Feb 2013,Atlanta Hawks,New Orleans Pelicans,100,111,1.49,2.70,0,0,0
08 Feb 2013,Cleveland Cavaliers,Orlando Magic,119,108,1.32,3.54,1,0,0
08 Feb 2013,Detroit Pistons,San Antonio Spurs,119,109,2.83,1.46,1,0,0
08 Feb 2013,Charlotte Hornets,Los Angeles Lakers,93,100,3.22,1.37,0,0,0
08 Feb 2013,Indiana Pacers,Toronto Raptors,98,100,1.28,3.85,0,0,0
08 Feb 2013,Washington Wizards,Brooklyn Nets,89,74,1.84,1.99,1,0,0
08 Feb 2013,Denver Nuggets,Chicago Bulls,128,96,1.40,3.06,1,0,0
08 Feb 2013,Boston Celtics,Los Angeles Lakers,116,95,1.80,2.05,1,0,0
07 Feb 2013,Minnesota Timberwolves,San Antonio Spurs,94,104,2.69,1.50,0,0,0
07 Feb 2013,Utah Jazz,Milwaukee Bucks,100,86,1.43,2.94,1,0,0
07 Feb 2013,Dallas Mavericks,Portland Trail Blazers,105,99,1.50,2.68,1,0,0
07 Feb 2013,New Orleans Pelicans,Phoenix Suns,93,84,1.36,3.27,1,0,0
07 Feb 2013,Oklahoma City Thunder,Golden State Warriors,119,98,1.14,6.14,1,0,0
06 Feb 2013,Atlanta Hawks,Memphis Grizzlies,103,92,2.08,1.79,1,0,0
06 Feb 2013,Detroit Pistons,Brooklyn Nets,90,93,1.78,2.09,0,0,0
06 Feb 2013,Miami Heat,Houston Rockets,114,108,1.28,3.91,1,0,0
06 Feb 2013,Cleveland Cavaliers,Charlotte Hornets,122,95,1.40,3.06,1,0,0
06 Feb 2013,Orlando Magic,Los Angeles Clippers,76,86,2.79,1.47,0,0,0
06 Feb 2013,Philadelphia 76ers,Indiana Pacers,69,88,1.73,2.17,0,0,0
06 Feb 2013,Toronto Raptors,Boston Celtics,95,99,1.64,2.35,0,0,0
06 Feb 2013,Washington Wizards,New York Knicks,106,96,2.64,1.52,1,0,0
06 Feb 2013,Denver Nuggets,Milwaukee Bucks,112,104,1.32,3.55,1,0,0
06 Feb 2013,Memphis Grizzlies,Phoenix Suns,90,96,1.22,4.61,0,0,0
06 Feb 2013,Houston Rockets,Golden State Warriors,140,109,1.72,2.18,1,0,0
05 Feb 2013,Brooklyn Nets,Los Angeles Lakers,83,92,1.60,2.43,0,0,0
05 Feb 2013,Indiana Pacers,Atlanta Hawks,114,103,1.38,3.11,1,0,0
05 Feb 2013,Utah Jazz,Sacramento Kings,98,91,1.22,4.56,1,0,0
05 Feb 2013,Minnesota Timberwolves,Portland Trail Blazers,98,100,1.56,2.51,0,0,0
05 Feb 2013,Oklahoma City Thunder,Dallas Mavericks,112,91,1.24,4.28,1,0,0
04 Feb 2013,Miami Heat,Charlotte Hornets,99,94,1.05,12.13,1,0,0
04 Feb 2013,New York Knicks,Detroit Pistons,99,85,1.14,6.10,1,0,0
04 Feb 2013,Indiana Pacers,Chicago Bulls,111,101,1.46,2.84,1,0,0
04 Feb 2013,Philadelphia 76ers,Orlando Magic,78,61,1.16,5.59,1,0,0
04 Feb 2013,Washington Wizards,Los Angeles Clippers,98,90,2.30,1.66,1,0,0
03 Feb 2013,Toronto Raptors,Miami Heat,85,100,2.75,1.48,0,0,0
03 Feb 2013,Boston Celtics,Los Angeles Clippers,106,104,1.96,1.88,1,0,0
03 Feb 2013,Detroit Pistons,Los Angeles Lakers,97,98,2.14,1.75,0,0,0
03 Feb 2013,Golden State Warriors,Phoenix Suns,113,93,1.17,5.34,1,0,0
03 Feb 2013,Portland Trail Blazers,Utah Jazz,105,99,1.56,2.53,1,0,0
03 Feb 2013,Milwaukee Bucks,Orlando Magic,107,98,1.16,5.61,1,0,0
03 Feb 2013,San Antonio Spurs,Washington Wizards,96,86,1.08,8.78,1,0,0
03 Feb 2013,Houston Rockets,Charlotte Hornets,109,95,1.09,8.15,1,0,0
03 Feb 2013,Minnesota Timberwolves,New Orleans Pelicans,115,86,1.60,2.42,1,0,0
02 Feb 2013,Cleveland Cavaliers,Oklahoma City Thunder,115,110,6.40,1.13,1,0,0
02 Feb 2013,New York Knicks,Sacramento Kings,120,81,1.12,6.74,1,0,0
02 Feb 2013,Atlanta Hawks,Chicago Bulls,76,93,1.33,3.49,0,0,0
02 Feb 2013,Minnesota Timberwolves,Los Angeles Lakers,100,111,2.16,1.73,0,0,0
02 Feb 2013,Denver Nuggets,New Orleans Pelicans,113,98,1.31,3.65,1,0,0
02 Feb 2013,Phoenix Suns,Dallas Mavericks,99,109,1.71,2.21,0,0,0
02 Feb 2013,Utah Jazz,Portland Trail Blazers,86,77,1.47,2.76,1,0,0
02 Feb 2013,Memphis Grizzlies,Washington Wizards,85,76,1.37,3.22,1,0,0
01 Feb 2013,Boston Celtics,Orlando Magic,97,84,1.22,4.51,1,0,0
01 Feb 2013,Brooklyn Nets,Chicago Bulls,93,89,1.48,2.74,1,0,0
01 Feb 2013,Detroit Pistons,Cleveland Cavaliers,117,99,1.56,2.55,1,0,0
01 Feb 2013,New York Knicks,Milwaukee Bucks,96,86,1.48,2.76,1,0,0
01 Feb 2013,Philadelphia 76ers,Sacramento Kings,89,80,1.38,3.21,1,0,0
01 Feb 2013,Indiana Pacers,Miami Heat,102,89,2.10,1.77,1,0,0
01 Feb 2013,Toronto Raptors,Los Angeles Clippers,98,73,2.49,1.58,1,0,0
01 Feb 2013,Golden State Warriors,Dallas Mavericks,100,97,1.57,2.50,1,0,0
01 Feb 2013,Oklahoma City Thunder,Memphis Grizzlies,106,89,1.18,5.27,1,0,0
31 Jan 2013,Phoenix Suns,Los Angeles Lakers,92,86,2.31,1.65,1,0,0
31 Jan 2013,Denver Nuggets,Houston Rockets,118,110,1.58,2.50,1,0,0
31 Jan 2013,Utah Jazz,New Orleans Pelicans,104,99,1.28,3.91,1,0,0
31 Jan 2013,San Antonio Spurs,Charlotte Hornets,102,78,1.03,14.07,1,0,0
31 Jan 2013,Brooklyn Nets,Miami Heat,85,105,2.18,1.72,0,0,0
31 Jan 2013,Milwaukee Bucks,Chicago Bulls,88,104,1.85,1.99,0,0,0
31 Jan 2013,Minnesota Timberwolves,Los Angeles Clippers,90,96,2.64,1.52,0,0,0
30 Jan 2013,Atlanta Hawks,Toronto Raptors,93,92,1.35,3.40,1,0,0
30 Jan 2013,Boston Celtics,Sacramento Kings,99,81,1.32,3.55,1,0,0
30 Jan 2013,New York Knicks,Orlando Magic,113,97,1.20,4.80,1,0,0
30 Jan 2013,Indiana Pacers,Detroit Pistons,98,79,1.25,4.15,1,0,0
30 Jan 2013,Philadelphia 76ers,Washington Wizards,92,84,1.60,2.44,1,0,0
30 Jan 2013,Los Angeles Lakers,New Orleans Pelicans,111,106,1.26,4.08,1,0,0
30 Jan 2013,Portland Trail Blazers,Dallas Mavericks,106,104,1.70,2.22,1,0,0
29 Jan 2013,Detroit Pistons,Milwaukee Bucks,90,117,2.02,1.83,0,0,0
29 Jan 2013,Cleveland Cavaliers,Golden State Warriors,95,108,1.75,2.14,0,0,0
29 Jan 2013,Denver Nuggets,Indiana Pacers,102,101,1.43,2.92,1,0,0
29 Jan 2013,Utah Jazz,Houston Rockets,80,125,1.61,2.42,0,0,0
29 Jan 2013,Chicago Bulls,Charlotte Hornets,93,85,1.09,8.60,1,0,0
28 Jan 2013,Brooklyn Nets,Orlando Magic,97,77,1.19,5.07,1,0,0
28 Jan 2013,Philadelphia 76ers,Memphis Grizzlies,100,103,1.98,1.86,0,0,0
28 Jan 2013,Toronto Raptors,Golden State Warriors,102,114,2.06,1.80,0,0,0
28 Jan 2013,Washington Wizards,Sacramento Kings,94,96,1.31,3.64,0,0,0
28 Jan 2013,Los Angeles Clippers,Portland Trail Blazers,96,83,1.22,4.65,1,0,0
27 Jan 2013,Dallas Mavericks,Phoenix Suns,110,95,1.27,4.06,1,0,0
27 Jan 2013,New York Knicks,Atlanta Hawks,106,104,1.45,2.87,1,0,0
27 Jan 2013,Memphis Grizzlies,New Orleans Pelicans,83,91,1.31,3.66,0,0,0
27 Jan 2013,Orlando Magic,Detroit Pistons,102,104,1.76,2.12,0,0,0
27 Jan 2013,Los Angeles Lakers,Oklahoma City Thunder,105,96,2.41,1.61,1,0,0
27 Jan 2013,Boston Celtics,Miami Heat,100,98,2.69,1.50,1,0,0
27 Jan 2013,Portland Trail Blazers,Los Angeles Clippers,101,100,1.94,1.89,1,0,0
27 Jan 2013,Utah Jazz,Indiana Pacers,114,110,1.77,2.11,1,0,0
27 Jan 2013,Denver Nuggets,Sacramento Kings,121,93,1.07,8.87,1,0,0
27 Jan 2013,Milwaukee Bucks,Golden State Warriors,109,102,1.76,2.12,1,0,0
27 Jan 2013,San Antonio Spurs,Phoenix Suns,108,99,1.20,4.79,1,0,0
27 Jan 2013,Houston Rockets,Brooklyn Nets,119,106,1.57,2.50,1,0,0
26 Jan 2013,Charlotte Hornets,Minnesota Timberwolves,102,101,1.66,2.29,1,0,0
26 Jan 2013,Philadelphia 76ers,New York Knicks,97,80,2.48,1.58,1,0,0
26 Jan 2013,Toronto Raptors,Cleveland Cavaliers,98,99,1.35,3.38,0,0,0
26 Jan 2013,Washington Wizards,Chicago Bulls,86,73,2.06,1.81,1,0,0
26 Jan 2013,Los Angeles Lakers,Utah Jazz,102,84,1.48,2.77,1,0,0
26 Jan 2013,Sacramento Kings,Oklahoma City Thunder,95,105,5.03,1.19,0,0,0
26 Jan 2013,Chicago Bulls,Golden State Warriors,103,87,1.73,2.17,1,0,0
26 Jan 2013,Dallas Mavericks,San Antonio Spurs,107,113,1.80,2.06,0,0,0
26 Jan 2013,Memphis Grizzlies,Brooklyn Nets,101,77,1.57,2.52,1,0,0
26 Jan 2013,New Orleans Pelicans,Houston Rockets,82,100,1.72,2.19,0,0,0
25 Jan 2013,Atlanta Hawks,Boston Celtics,123,111,1.48,2.77,1,0,0
25 Jan 2013,Cleveland Cavaliers,Milwaukee Bucks,113,108,2.50,1.57,1,0,0
25 Jan 2013,Miami Heat,Detroit Pistons,110,88,1.18,5.25,1,0,0
25 Jan 2013,Washington Wizards,Minnesota Timberwolves,114,101,1.36,3.25,1,0,0
25 Jan 2013,Phoenix Suns,Los Angeles Clippers,93,88,3.29,1.36,1,0,0
25 Jan 2013,Boston Celtics,New York Knicks,86,89,1.98,1.85,0,0,0
24 Jan 2013,Orlando Magic,Toronto Raptors,95,97,1.59,2.47,0,0,0
24 Jan 2013,Golden State Warriors,Oklahoma City Thunder,104,99,2.07,1.80,1,0,0
24 Jan 2013,Portland Trail Blazers,Indiana Pacers,100,80,1.86,1.97,1,0,0
24 Jan 2013,Sacramento Kings,Phoenix Suns,96,106,1.65,2.33,0,0,0
24 Jan 2013,Utah Jazz,Washington Wizards,92,88,1.31,3.61,1,0,0
24 Jan 2013,San Antonio Spurs,New Orleans Pelicans,106,102,1.22,4.54,1,0,0
24 Jan 2013,Chicago Bulls,Detroit Pistons,85,82,1.34,3.42,1,0,0
24 Jan 2013,Houston Rockets,Denver Nuggets,95,105,1.67,2.27,0,0,0
24 Jan 2013,Memphis Grizzlies,Los Angeles Lakers,106,93,1.58,2.47,1,0,0
24 Jan 2013,Minnesota Timberwolves,Brooklyn Nets,83,91,2.97,1.42,0,0,0
23 Jan 2013,Miami Heat,Toronto Raptors,123,116,1.14,5.84,1,0,0
23 Jan 2013,Charlotte Hornets,Atlanta Hawks,92,104,2.22,1.70,0,0,0
23 Jan 2013,Los Angeles Clippers,Oklahoma City Thunder,97,109,2.13,1.75,0,0,0
23 Jan 2013,Milwaukee Bucks,Philadelphia 76ers,110,102,1.34,3.43,1,0,0
22 Jan 2013,Detroit Pistons,Orlando Magic,105,90,1.50,2.66,1,0,0
22 Jan 2013,Cleveland Cavaliers,Boston Celtics,95,90,2.67,1.52,1,0,0
22 Jan 2013,Portland Trail Blazers,Washington Wizards,95,98,1.35,3.36,0,0,0
22 Jan 2013,Chicago Bulls,Los Angeles Lakers,95,83,1.88,1.96,1,0,0
21 Jan 2013,Philadelphia 76ers,San Antonio Spurs,85,90,3.18,1.38,0,0,0
21 Jan 2013,Golden State Warriors,Los Angeles Clippers,106,99,2.54,1.56,1,0,0
21 Jan 2013,New York Knicks,Brooklyn Nets,85,88,1.60,2.44,0,0,0
21 Jan 2013,Atlanta Hawks,Minnesota Timberwolves,104,96,1.26,4.08,1,0,0
21 Jan 2013,Charlotte Hornets,Houston Rockets,94,100,3.53,1.30,0,0,0
21 Jan 2013,Memphis Grizzlies,Indiana Pacers,81,82,1.38,3.17,0,0,0
21 Jan 2013,New Orleans Pelicans,Sacramento Kings,114,105,1.40,3.08,1,0,0
21 Jan 2013,Denver Nuggets,Oklahoma City Thunder,121,118,1.97,1.86,1,0,0
20 Jan 2013,Detroit Pistons,Boston Celtics,103,88,2.13,1.76,1,0,0
20 Jan 2013,Orlando Magic,Dallas Mavericks,105,111,2.36,1.63,0,0,0
20 Jan 2013,Toronto Raptors,Los Angeles Lakers,108,103,2.66,1.51,1,0,0
20 Jan 2013,Los Angeles Clippers,Washington Wizards,94,87,1.08,8.86,1,0,0
20 Jan 2013,Portland Trail Blazers,Milwaukee Bucks,104,110,1.54,2.59,0,0,0
20 Jan 2013,Utah Jazz,Cleveland Cavaliers,109,98,1.22,4.65,1,0,0
20 Jan 2013,Chicago Bulls,Memphis Grizzlies,82,85,2.11,1.77,0,0,0
20 Jan 2013,Minnesota Timberwolves,Houston Rockets,92,79,2.81,1.46,1,0,0
20 Jan 2013,New Orleans Pelicans,Golden State Warriors,112,116,1.48,2.76,0,0,0
19 Jan 2013,Atlanta Hawks,San Antonio Spurs,93,98,2.51,1.57,0,0,0
19 Jan 2013,Charlotte Hornets,Sacramento Kings,93,97,2.16,1.73,0,0,0
19 Jan 2013,Dallas Mavericks,Oklahoma City Thunder,114,117,2.88,1.45,0,0,0
19 Jan 2013,Denver Nuggets,Washington Wizards,108,112,1.14,6.00,0,0,0
19 Jan 2013,San Antonio Spurs,Golden State Warriors,95,88,1.11,7.42,1,0,0
19 Jan 2013,Memphis Grizzlies,Sacramento Kings,85,69,1.18,5.21,1,0,0
18 Jan 2013,Brooklyn Nets,Atlanta Hawks,94,89,1.34,3.43,1,0,0
18 Jan 2013,Boston Celtics,Chicago Bulls,99,100,1.73,2.17,0,0,0
18 Jan 2013,Indiana Pacers,Houston Rockets,105,95,1.52,2.64,1,0,0
18 Jan 2013,Orlando Magic,Charlotte Hornets,100,106,1.32,3.55,0,0,0
18 Jan 2013,Philadelphia 76ers,Toronto Raptors,108,101,1.57,2.51,1,0,0
18 Jan 2013,Los Angeles Lakers,Miami Heat,90,99,1.68,2.25,0,0,0
18 Jan 2013,Phoenix Suns,Milwaukee Bucks,94,98,1.95,1.88,0,0,0
18 Jan 2013,Minnesota Timberwolves,Los Angeles Clippers,77,90,2.79,1.47,0,0,0
17 Jan 2013,Detroit Pistons,New York Knicks,87,102,2.91,1.44,0,0,0
17 Jan 2013,Golden State Warriors,Miami Heat,75,92,2.59,1.54,0,0,0
17 Jan 2013,Portland Trail Blazers,Cleveland Cavaliers,88,93,1.37,3.23,0,0,0
17 Jan 2013,Sacramento Kings,Washington Wizards,95,94,1.51,2.65,1,0,0
17 Jan 2013,San Antonio Spurs,Memphis Grizzlies,103,82,1.42,2.98,1,0,0
17 Jan 2013,Boston Celtics,New Orleans Pelicans,78,90,1.25,4.22,0,0,0
17 Jan 2013,Dallas Mavericks,Houston Rockets,105,100,1.56,2.51,1,0,0
17 Jan 2013,Oklahoma City Thunder,Denver Nuggets,117,97,1.23,4.49,1,0,0
16 Jan 2013,Atlanta Hawks,Brooklyn Nets,109,95,1.68,2.25,1,0,0
16 Jan 2013,Orlando Magic,Indiana Pacers,97,86,2.10,1.77,1,0,0
16 Jan 2013,Toronto Raptors,Chicago Bulls,105,107,2.70,1.50,0,0,0
16 Jan 2013,Los Angeles Lakers,Milwaukee Bucks,104,88,1.39,3.10,1,0,0
16 Jan 2013,Denver Nuggets,Portland Trail Blazers,115,111,1.21,4.63,1,0,0
16 Jan 2013,Houston Rockets,Los Angeles Clippers,109,117,1.66,2.32,0,0,0
15 Jan 2013,Brooklyn Nets,Toronto Raptors,113,106,1.34,3.39,1,0,0
15 Jan 2013,Charlotte Hornets,Indiana Pacers,76,103,3.99,1.27,0,0,0
15 Jan 2013,Philadelphia 76ers,New Orleans Pelicans,99,111,1.66,2.29,0,0,0
15 Jan 2013,Sacramento Kings,Cleveland Cavaliers,124,118,1.42,3.00,1,0,0
15 Jan 2013,Phoenix Suns,Oklahoma City Thunder,90,102,2.91,1.43,0,0,0
15 Jan 2013,Utah Jazz,Miami Heat,104,97,2.24,1.69,1,0,0
15 Jan 2013,Dallas Mavericks,Minnesota Timberwolves,113,98,1.33,3.49,1,0,0
15 Jan 2013,Chicago Bulls,Atlanta Hawks,97,58,1.53,2.62,1,0,0
15 Jan 2013,Memphis Grizzlies,Los Angeles Clippers,73,99,1.55,2.55,0,0,0
14 Jan 2013,Boston Celtics,Charlotte Hornets,100,89,1.12,6.41,1,0,0
14 Jan 2013,Washington Wizards,Orlando Magic,120,91,1.81,2.04,1,0,0
14 Jan 2013,Los Angeles Lakers,Cleveland Cavaliers,113,93,1.19,5.03,1,0,0
14 Jan 2013,Portland Trail Blazers,Oklahoma City Thunder,83,87,2.60,1.53,0,0,0
14 Jan 2013,Denver Nuggets,Golden State Warriors,116,105,1.36,3.32,1,0,0
13 Jan 2013,San Antonio Spurs,Minnesota Timberwolves,106,88,1.09,8.35,1,0,0
13 Jan 2013,Brooklyn Nets,Indiana Pacers,97,86,1.53,2.62,1,0,0
13 Jan 2013,Toronto Raptors,Milwaukee Bucks,96,107,1.68,2.27,0,0,0
13 Jan 2013,New York Knicks,New Orleans Pelicans,100,87,1.33,3.50,1,0,0
13 Jan 2013,Sacramento Kings,Miami Heat,99,128,3.73,1.30,0,0,0
13 Jan 2013,Dallas Mavericks,Memphis Grizzlies,104,83,1.98,1.85,1,0,0
13 Jan 2013,Chicago Bulls,Phoenix Suns,81,97,1.24,4.29,0,0,0
12 Jan 2013,Detroit Pistons,Utah Jazz,87,90,1.73,2.17,0,0,0
12 Jan 2013,Philadelphia 76ers,Houston Rockets,107,100,1.88,1.95,1,0,0
12 Jan 2013,Indiana Pacers,Charlotte Hornets,96,88,1.11,7.38,1,0,0
12 Jan 2013,Washington Wizards,Atlanta Hawks,93,83,2.28,1.67,1,0,0
12 Jan 2013,Los Angeles Clippers,Orlando Magic,101,104,1.08,8.99,0,0,0
12 Jan 2013,Golden State Warriors,Portland Trail Blazers,103,97,1.28,3.90,1,0,0
12 Jan 2013,Los Angeles Lakers,Oklahoma City Thunder,101,116,3.17,1.38,0,0,0
12 Jan 2013,Denver Nuggets,Cleveland Cavaliers,98,91,1.08,8.74,1,0,0
12 Jan 2013,Milwaukee Bucks,Detroit Pistons,87,103,1.43,2.94,0,0,0
12 Jan 2013,Memphis Grizzlies,San Antonio Spurs,101,98,1.78,2.08,1,0,0
12 Jan 2013,New Orleans Pelicans,Minnesota Timberwolves,104,92,1.70,2.23,1,0,0
12 Jan 2013,New York Knicks,Chicago Bulls,101,108,1.55,2.54,0,0,0
11 Jan 2013,Atlanta Hawks,Utah Jazz,103,95,1.52,2.63,1,0,0
11 Jan 2013,Boston Celtics,Houston Rockets,103,91,1.67,2.28,1,0,0
11 Jan 2013,Brooklyn Nets,Phoenix Suns,99,79,1.30,3.70,1,0,0
11 Jan 2013,Toronto Raptors,Charlotte Hornets,99,78,1.25,4.15,1,0,0
11 Jan 2013,Portland Trail Blazers,Miami Heat,92,90,2.38,1.63,1,0,0
11 Jan 2013,Sacramento Kings,Dallas Mavericks,112,117,1.75,2.15,0,0,0
11 Jan 2013,Indiana Pacers,New York Knicks,81,76,1.45,2.88,1,0,0
10 Jan 2013,Golden State Warriors,Memphis Grizzlies,87,94,1.87,1.97,0,0,0
10 Jan 2013,Los Angeles Clippers,Dallas Mavericks,99,93,1.14,5.88,1,0,0
10 Jan 2013,Denver Nuggets,Orlando Magic,108,105,1.11,7.05,1,0,0
10 Jan 2013,Chicago Bulls,Milwaukee Bucks,96,104,1.42,3.01,0,0,0
10 Jan 2013,New Orleans Pelicans,Houston Rockets,88,79,2.15,1.75,1,0,0
10 Jan 2013,Oklahoma City Thunder,Minnesota Timberwolves,106,84,1.08,8.82,1,0,0
10 Jan 2013,San Antonio Spurs,Los Angeles Lakers,108,105,1.07,9.45,1,0,0
09 Jan 2013,Boston Celtics,Phoenix Suns,87,79,1.21,4.66,1,0,0
09 Jan 2013,Charlotte Hornets,Utah Jazz,102,112,2.64,1.52,0,0,0
09 Jan 2013,Cleveland Cavaliers,Atlanta Hawks,99,83,2.59,1.55,1,0,0
09 Jan 2013,Toronto Raptors,Philadelphia 76ers,90,72,1.51,2.67,1,0,0
09 Jan 2013,Houston Rockets,Los Angeles Lakers,125,112,1.27,4.00,1,0,0
09 Jan 2013,Milwaukee Bucks,Phoenix Suns,108,99,1.40,3.14,1,0,0
09 Jan 2013,Minnesota Timberwolves,Atlanta Hawks,108,103,1.87,1.96,1,0,0
08 Jan 2013,Indiana Pacers,Miami Heat,87,77,2.06,1.80,1,0,0
08 Jan 2013,Philadelphia 76ers,Brooklyn Nets,89,109,1.84,2.00,0,0,0
08 Jan 2013,Portland Trail Blazers,Orlando Magic,125,119,1.37,3.25,1,0,0
08 Jan 2013,Sacramento Kings,Memphis Grizzlies,81,113,2.47,1.59,0,0,0
08 Jan 2013,Utah Jazz,Dallas Mavericks,100,94,1.48,2.77,1,0,0
08 Jan 2013,Chicago Bulls,Cleveland Cavaliers,118,92,1.26,4.17,1,0,0
08 Jan 2013,New Orleans Pelicans,San Antonio Spurs,95,88,4.25,1.25,1,0,0
07 Jan 2013,New York Knicks,Boston Celtics,96,102,1.30,3.70,0,0,0
07 Jan 2013,Washington Wizards,Oklahoma City Thunder,101,99,7.07,1.12,1,0,0
07 Jan 2013,Los Angeles Lakers,Denver Nuggets,105,112,1.38,3.20,0,0,0
07 Jan 2013,Phoenix Suns,Memphis Grizzlies,81,92,2.62,1.53,0,0,0
06 Jan 2013,Detroit Pistons,Charlotte Hornets,101,108,1.22,4.47,0,0,0
06 Jan 2013,Miami Heat,Washington Wizards,99,71,1.04,13.71,1,0,0
06 Jan 2013,Toronto Raptors,Oklahoma City Thunder,92,104,3.46,1.34,0,0,0
06 Jan 2013,Los Angeles Clippers,Golden State Warriors,115,89,1.37,3.24,1,0,0
06 Jan 2013,Denver Nuggets,Utah Jazz,110,91,1.19,5.06,1,0,0
06 Jan 2013,Dallas Mavericks,New Orleans Pelicans,96,99,1.41,3.05,0,0,0
06 Jan 2013,San Antonio Spurs,Philadelphia 76ers,109,86,1.06,11.35,1,0,0
06 Jan 2013,Minnesota Timberwolves,Portland Trail Blazers,97,102,1.36,3.32,0,0,0
05 Jan 2013,Brooklyn Nets,Sacramento Kings,113,93,1.33,3.52,1,0,0
05 Jan 2013,Cleveland Cavaliers,Houston Rockets,104,112,3.17,1.39,0,0,0
05 Jan 2013,Atlanta Hawks,Boston Celtics,81,89,1.46,2.81,0,0,0
05 Jan 2013,Indiana Pacers,Milwaukee Bucks,95,80,1.55,2.58,1,0,0
05 Jan 2013,Orlando Magic,New York Knicks,106,114,3.16,1.38,0,0,0
05 Jan 2013,Los Angeles Clippers,Los Angeles Lakers,107,102,1.55,2.56,1,0,0
05 Jan 2013,Phoenix Suns,Utah Jazz,80,87,1.83,2.02,0,0,0
05 Jan 2013,Milwaukee Bucks,Houston Rockets,101,115,1.87,1.97,0,0,0
05 Jan 2013,Boston Celtics,Indiana Pacers,94,75,1.67,2.29,1,0,0
05 Jan 2013,Memphis Grizzlies,Portland Trail Blazers,84,86,1.25,4.24,0,0,0
05 Jan 2013,Miami Heat,Chicago Bulls,89,96,1.30,3.67,0,0,0
05 Jan 2013,Oklahoma City Thunder,Philadelphia 76ers,109,85,1.14,5.98,1,0,0
04 Jan 2013,Detroit Pistons,Atlanta Hawks,85,84,2.02,1.83,1,0,0
04 Jan 2013,Charlotte Hornets,Cleveland Cavaliers,104,106,1.82,2.03,0,0,0
04 Jan 2013,Toronto Raptors,Sacramento Kings,96,105,1.34,3.46,0,0,0
04 Jan 2013,Washington Wizards,Brooklyn Nets,113,115,3.02,1.42,0,0,0
04 Jan 2013,Denver Nuggets,Minnesota Timberwolves,97,101,1.26,4.07,0,0,0
03 Jan 2013,New York Knicks,San Antonio Spurs,100,83,1.95,1.88,1,0,0
03 Jan 2013,Golden State Warriors,Los Angeles Clippers,115,94,2.05,1.80,1,0,0
03 Jan 2013,Phoenix Suns,Philadelphia 76ers,95,89,1.57,2.52,1,0,0
03 Jan 2013,Utah Jazz,Minnesota Timberwolves,106,84,1.67,2.28,1,0,0
03 Jan 2013,Houston Rockets,New Orleans Pelicans,104,92,1.17,5.38,1,0,0
03 Jan 2013,Milwaukee Bucks,San Antonio Spurs,110,117,2.88,1.45,0,0,0
03 Jan 2013,Oklahoma City Thunder,Brooklyn Nets,93,110,1.17,5.34,0,0,0
02 Jan 2013,Miami Heat,Dallas Mavericks,119,109,1.13,6.21,1,0,0
02 Jan 2013,Boston Celtics,Memphis Grizzlies,83,93,2.25,1.69,0,0,0
02 Jan 2013,Cleveland Cavaliers,Sacramento Kings,94,97,1.61,2.41,0,0,0
02 Jan 2013,Indiana Pacers,Washington Wizards,89,81,1.13,6.19,1,0,0
02 Jan 2013,Orlando Magic,Chicago Bulls,94,96,2.30,1.66,0,0,0
02 Jan 2013,Toronto Raptors,Portland Trail Blazers,102,79,1.55,2.56,1,0,0
02 Jan 2013,Los Angeles Lakers,Philadelphia 76ers,99,103,1.20,4.86,0,0,0
02 Jan 2013,Denver Nuggets,Los Angeles Clippers,92,78,1.91,1.92,1,0,0
02 Jan 2013,New Orleans Pelicans,Atlanta Hawks,86,95,2.09,1.78,0,0,0
01 Jan 2013,Detroit Pistons,Sacramento Kings,103,97,1.34,3.42,1,0,0
01 Jan 2013,New York Knicks,Portland Trail Blazers,100,105,1.18,5.23,0,0,0
01 Jan 2013,Washington Wizards,Dallas Mavericks,94,103,2.50,1.58,0,0,0
01 Jan 2013,Oklahoma City Thunder,Phoenix Suns,114,96,1.09,8.42,1,0,0
31 Dec 2012,Houston Rockets,Atlanta Hawks,123,104,1.53,2.64,1,0,0
31 Dec 2012,San Antonio Spurs,Brooklyn Nets,104,73,1.17,5.34,1,0,0
31 Dec 2012,Orlando Magic,Miami Heat,110,112,5.34,1.17,0,0,0
31 Dec 2012,Chicago Bulls,Charlotte Hornets,81,91,1.11,7.20,0,0,0
31 Dec 2012,Indiana Pacers,Memphis Grizzlies,88,83,1.99,1.85,1,0,0
31 Dec 2012,Los Angeles Clippers,Utah Jazz,107,96,1.14,6.03,1,0,0
31 Dec 2012,Sacramento Kings,Boston Celtics,118,96,2.20,1.71,1,0,0
30 Dec 2012,Dallas Mavericks,San Antonio Spurs,86,111,3.07,1.41,0,0,0
30 Dec 2012,Detroit Pistons,Milwaukee Bucks,96,94,1.73,2.17,1,0,0
30 Dec 2012,Golden State Warriors,Boston Celtics,101,83,1.56,2.55,1,0,0
30 Dec 2012,Portland Trail Blazers,Philadelphia 76ers,89,85,1.64,2.34,1,0,0
30 Dec 2012,Milwaukee Bucks,Miami Heat,104,85,2.54,1.56,1,0,0
30 Dec 2012,Chicago Bulls,Washington Wizards,87,77,1.13,6.24,1,0,0
30 Dec 2012,Houston Rockets,Oklahoma City Thunder,94,124,2.57,1.55,0,0,0
30 Dec 2012,Memphis Grizzlies,Denver Nuggets,81,72,1.39,3.13,1,0,0
30 Dec 2012,Minnesota Timberwolves,Phoenix Suns,111,107,1.24,4.33,1,0,0
29 Dec 2012,Brooklyn Nets,Cleveland Cavaliers,103,100,1.26,4.18,1,0,0
29 Dec 2012,Atlanta Hawks,Indiana Pacers,109,100,1.68,2.23,1,0,0
29 Dec 2012,Charlotte Hornets,New Orleans Pelicans,95,98,2.36,1.63,0,0,0
29 Dec 2012,Orlando Magic,Toronto Raptors,88,123,1.62,2.38,0,0,0
29 Dec 2012,Golden State Warriors,Philadelphia 76ers,96,89,1.40,3.07,1,0,0
29 Dec 2012,Los Angeles Lakers,Portland Trail Blazers,104,87,1.20,4.98,1,0,0
29 Dec 2012,Sacramento Kings,New York Knicks,106,105,2.27,1.68,1,0,0
29 Dec 2012,Utah Jazz,Los Angeles Clippers,114,116,2.29,1.67,0,0,0
29 Dec 2012,Dallas Mavericks,Denver Nuggets,85,106,2.26,1.68,0,0,0
29 Dec 2012,San Antonio Spurs,Houston Rockets,122,116,1.26,4.10,1,0,0
29 Dec 2012,New Orleans Pelicans,Toronto Raptors,97,104,1.67,2.29,0,0,0
28 Dec 2012,Brooklyn Nets,Charlotte Hornets,97,81,1.17,5.37,1,0,0
28 Dec 2012,Cleveland Cavaliers,Atlanta Hawks,94,102,2.90,1.44,0,0,0
28 Dec 2012,Detroit Pistons,Miami Heat,109,99,3.24,1.37,1,0,0
28 Dec 2012,Indiana Pacers,Phoenix Suns,97,91,1.26,4.13,1,0,0
28 Dec 2012,Washington Wizards,Orlando Magic,105,97,2.07,1.80,1,0,0
28 Dec 2012,Los Angeles Clippers,Boston Celtics,106,77,1.21,4.63,1,0,0
28 Dec 2012,Oklahoma City Thunder,Dallas Mavericks,111,105,1.13,6.21,1,0,0
27 Dec 2012,Portland Trail Blazers,Sacramento Kings,109,91,1.29,3.80,1,0,0
27 Dec 2012,Denver Nuggets,Los Angeles Lakers,126,114,1.62,2.40,1,0,0
27 Dec 2012,Phoenix Suns,New York Knicks,97,99,1.80,2.06,0,0,0
27 Dec 2012,Utah Jazz,Golden State Warriors,83,94,1.56,2.53,0,0,0
27 Dec 2012,San Antonio Spurs,Toronto Raptors,100,80,1.06,11.50,1,0,0
27 Dec 2012,Memphis Grizzlies,Philadelphia 76ers,89,99,1.21,4.72,0,0,0
27 Dec 2012,Milwaukee Bucks,Brooklyn Nets,108,93,1.46,2.81,1,0,0
27 Dec 2012,Minnesota Timberwolves,Houston Rockets,84,87,1.45,2.89,0,0,0
26 Dec 2012,Atlanta Hawks,Detroit Pistons,126,119,1.27,4.03,1,0,0
26 Dec 2012,Charlotte Hornets,Miami Heat,92,105,5.62,1.16,0,0,0
26 Dec 2012,Orlando Magic,New Orleans Pelicans,94,97,1.65,2.33,0,0,0
26 Dec 2012,Washington Wizards,Cleveland Cavaliers,84,87,1.86,1.98,0,0,0
26 Dec 2012,Los Angeles Clippers,Denver Nuggets,112,100,1.37,3.26,1,0,0
26 Dec 2012,Chicago Bulls,Houston Rockets,97,120,1.54,2.62,0,0,0
25 Dec 2012,Miami Heat,Oklahoma City Thunder,103,97,1.69,2.24,1,0,0
25 Dec 2012,Los Angeles Lakers,New York Knicks,100,94,1.57,2.53,1,0,0
25 Dec 2012,Brooklyn Nets,Boston Celtics,76,93,1.68,2.25,0,0,0
24 Dec 2012,Sacramento Kings,Portland Trail Blazers,108,96,1.88,1.95,1,0,0
24 Dec 2012,Phoenix Suns,Los Angeles Clippers,77,103,3.34,1.36,0,0,0
23 Dec 2012,San Antonio Spurs,Dallas Mavericks,129,91,1.12,6.55,1,0,0
23 Dec 2012,Orlando Magic,Utah Jazz,93,97,1.84,2.00,0,0,0
23 Dec 2012,New York Knicks,Minnesota Timberwolves,94,91,1.25,4.16,1,0,0
23 Dec 2012,Brooklyn Nets,Philadelphia 76ers,95,92,1.42,3.02,1,0,0
23 Dec 2012,Golden State Warriors,Los Angeles Lakers,115,118,2.05,1.79,0,0,0
23 Dec 2012,Portland Trail Blazers,Phoenix Suns,96,93,1.53,2.63,1,0,0
23 Dec 2012,Denver Nuggets,Charlotte Hornets,110,88,1.03,16.08,1,0,0
23 Dec 2012,Milwaukee Bucks,Cleveland Cavaliers,82,94,1.26,4.05,0,0,0
23 Dec 2012,Houston Rockets,Memphis Grizzlies,121,96,1.89,1.95,1,0,0
23 Dec 2012,New Orleans Pelicans,Indiana Pacers,75,81,2.36,1.63,0,0,0
22 Dec 2012,Miami Heat,Utah Jazz,105,89,1.24,4.29,1,0,0
22 Dec 2012,Atlanta Hawks,Chicago Bulls,92,75,1.58,2.51,1,0,0
22 Dec 2012,Washington Wizards,Detroit Pistons,87,96,1.99,1.85,0,0,0
22 Dec 2012,Golden State Warriors,Charlotte Hornets,115,100,1.14,6.07,1,0,0
22 Dec 2012,Los Angeles Clippers,Sacramento Kings,97,85,1.05,11.54,1,0,0
22 Dec 2012,San Antonio Spurs,New Orleans Pelicans,99,94,1.05,11.54,1,0,0
22 Dec 2012,Memphis Grizzlies,Dallas Mavericks,92,82,1.13,6.34,1,0,0
21 Dec 2012,Boston Celtics,Milwaukee Bucks,94,99,1.44,2.90,0,0,0
21 Dec 2012,Cleveland Cavaliers,Indiana Pacers,89,99,2.60,1.54,0,0,0
21 Dec 2012,Detroit Pistons,Washington Wizards,100,68,1.39,3.19,1,0,0
21 Dec 2012,New York Knicks,Chicago Bulls,106,110,1.37,3.27,0,0,0
21 Dec 2012,Philadelphia 76ers,Atlanta Hawks,99,80,2.17,1.75,1,0,0
21 Dec 2012,Toronto Raptors,Orlando Magic,93,90,1.59,2.44,1,0,0
21 Dec 2012,Portland Trail Blazers,Denver Nuggets,101,93,2.98,1.42,1,0,0
21 Dec 2012,Dallas Mavericks,Miami Heat,95,110,2.97,1.42,0,0,0
20 Dec 2012,Minnesota Timberwolves,Oklahoma City Thunder,99,93,2.30,1.66,1,0,0
20 Dec 2012,Los Angeles Clippers,New Orleans Pelicans,93,77,1.06,11.56,1,0,0
20 Dec 2012,Sacramento Kings,Golden State Warriors,131,127,2.38,1.62,1,0,0
20 Dec 2012,Memphis Grizzlies,Milwaukee Bucks,90,80,1.20,4.75,1,0,0
20 Dec 2012,Phoenix Suns,Charlotte Hornets,121,104,1.23,4.52,1,0,0
20 Dec 2012,Houston Rockets,Philadelphia 76ers,125,103,1.33,3.59,1,0,0
19 Dec 2012,Atlanta Hawks,Oklahoma City Thunder,92,100,3.01,1.42,0,0,0
19 Dec 2012,Boston Celtics,Cleveland Cavaliers,103,91,1.21,4.66,1,0,0
19 Dec 2012,New York Knicks,Brooklyn Nets,100,86,1.40,3.10,1,0,0
19 Dec 2012,Orlando Magic,Washington Wizards,90,83,1.31,3.63,1,0,0
19 Dec 2012,Indiana Pacers,Utah Jazz,104,84,1.62,2.39,1,0,0
19 Dec 2012,Toronto Raptors,Detroit Pistons,97,91,1.68,2.26,1,0,0
19 Dec 2012,Golden State Warriors,New Orleans Pelicans,103,96,1.26,4.29,1,0,0
19 Dec 2012,Los Angeles Lakers,Charlotte Hornets,101,100,1.08,8.60,1,0,0
19 Dec 2012,Denver Nuggets,San Antonio Spurs,112,106,1.77,2.12,1,0,0
19 Dec 2012,Dallas Mavericks,Philadelphia 76ers,107,100,1.40,3.12,1,0,0
19 Dec 2012,Chicago Bulls,Boston Celtics,100,89,1.77,2.10,1,0,0
19 Dec 2012,Milwaukee Bucks,Indiana Pacers,98,93,1.70,2.23,1,0,0
18 Dec 2012,Brooklyn Nets,Utah Jazz,90,92,1.49,2.71,0,0,0
18 Dec 2012,Miami Heat,Minnesota Timberwolves,103,92,1.21,4.66,1,0,0
18 Dec 2012,Cleveland Cavaliers,Toronto Raptors,99,113,1.50,2.68,0,0,0
18 Dec 2012,Washington Wizards,Atlanta Hawks,95,100,3.41,1.35,0,0,0
18 Dec 2012,Phoenix Suns,Sacramento Kings,101,90,1.34,3.42,1,0,0
18 Dec 2012,Memphis Grizzlies,Chicago Bulls,80,71,1.38,3.20,1,0,0
18 Dec 2012,Oklahoma City Thunder,San Antonio Spurs,107,93,1.45,2.87,1,0,0
17 Dec 2012,Detroit Pistons,Los Angeles Clippers,76,88,3.55,1.32,0,0,0
17 Dec 2012,New York Knicks,Houston Rockets,96,109,1.26,4.16,0,0,0
17 Dec 2012,Orlando Magic,Minnesota Timberwolves,102,93,2.44,1.60,1,0,0
17 Dec 2012,Portland Trail Blazers,New Orleans Pelicans,95,94,1.46,2.83,1,0,0
16 Dec 2012,Philadelphia 76ers,Los Angeles Lakers,98,111,2.38,1.62,0,0,0
16 Dec 2012,Sacramento Kings,Denver Nuggets,97,122,2.59,1.54,0,0,0
16 Dec 2012,Toronto Raptors,Houston Rockets,103,96,2.54,1.56,1,0,0
16 Dec 2012,Utah Jazz,Memphis Grizzlies,86,99,1.75,2.13,0,0,0
16 Dec 2012,Milwaukee Bucks,Los Angeles Clippers,85,111,2.68,1.50,0,0,0
16 Dec 2012,San Antonio Spurs,Boston Celtics,103,88,1.19,5.03,1,0,0
16 Dec 2012,Chicago Bulls,Brooklyn Nets,83,82,1.51,2.69,1,0,0
16 Dec 2012,Minnesota Timberwolves,Dallas Mavericks,114,106,1.50,2.70,1,0,0
15 Dec 2012,Charlotte Hornets,Orlando Magic,98,107,1.86,1.98,0,0,0
15 Dec 2012,Detroit Pistons,Indiana Pacers,77,88,2.15,1.74,0,0,0
15 Dec 2012,Miami Heat,Washington Wizards,102,72,1.04,14.14,1,0,0
15 Dec 2012,New York Knicks,Cleveland Cavaliers,103,102,1.13,6.38,1,0,0
15 Dec 2012,Atlanta Hawks,Golden State Warriors,93,115,1.36,3.31,0,0,0
15 Dec 2012,Denver Nuggets,Memphis Grizzlies,99,94,1.88,1.96,1,0,0
15 Dec 2012,Phoenix Suns,Utah Jazz,99,84,2.08,1.79,1,0,0
15 Dec 2012,Houston Rockets,Boston Celtics,101,89,1.71,2.21,1,0,0
15 Dec 2012,New Orleans Pelicans,Minnesota Timberwolves,102,113,2.60,1.53,0,0,0
15 Dec 2012,Oklahoma City Thunder,Sacramento Kings,113,103,1.07,9.61,1,0,0
14 Dec 2012,Brooklyn Nets,Detroit Pistons,107,105,1.25,4.10,1,0,0
14 Dec 2012,Cleveland Cavaliers,Milwaukee Bucks,86,90,2.28,1.67,0,0,0
14 Dec 2012,Indiana Pacers,Philadelphia 76ers,95,85,1.39,3.14,1,0,0
14 Dec 2012,Orlando Magic,Golden State Warriors,99,85,2.54,1.56,1,0,0
14 Dec 2012,Toronto Raptors,Dallas Mavericks,95,74,2.74,1.48,1,0,0
14 Dec 2012,Washington Wizards,Los Angeles Lakers,96,102,3.23,1.37,0,0,0
14 Dec 2012,Portland Trail Blazers,San Antonio Spurs,98,90,3.58,1.32,1,0,0
14 Dec 2012,New York Knicks,Los Angeles Lakers,116,107,1.40,3.10,1,0,0
13 Dec 2012,Atlanta Hawks,Charlotte Hornets,113,90,1.15,5.72,1,0,0
13 Dec 2012,Utah Jazz,San Antonio Spurs,99,96,2.50,1.57,1,0,0
13 Dec 2012,Phoenix Suns,Memphis Grizzlies,82,80,3.25,1.37,1,0,0
13 Dec 2012,Houston Rockets,Washington Wizards,99,93,1.12,6.63,1,0,0
13 Dec 2012,Oklahoma City Thunder,New Orleans Pelicans,92,88,1.04,12.93,1,0,0
13 Dec 2012,Boston Celtics,Dallas Mavericks,117,115,1.41,3.04,1,0,0
13 Dec 2012,Milwaukee Bucks,Sacramento Kings,98,85,1.28,3.95,1,0,0
13 Dec 2012,Minnesota Timberwolves,Denver Nuggets,108,105,1.58,2.49,1,0,0
12 Dec 2012,Charlotte Hornets,Los Angeles Clippers,94,100,4.25,1.24,0,0,0
12 Dec 2012,Miami Heat,Golden State Warriors,95,97,1.25,4.18,0,0,0
12 Dec 2012,Philadelphia 76ers,Chicago Bulls,89,96,1.75,2.14,0,0,0
12 Dec 2012,Indiana Pacers,Cleveland Cavaliers,96,81,1.27,4.00,1,0,0
12 Dec 2012,Orlando Magic,Atlanta Hawks,80,86,2.70,1.50,0,0,0
12 Dec 2012,Toronto Raptors,Brooklyn Nets,88,94,3.67,1.30,0,0,0
12 Dec 2012,Chicago Bulls,Los Angeles Clippers,89,94,2.30,1.66,0,0,0
12 Dec 2012,New Orleans Pelicans,Washington Wizards,70,77,1.44,2.87,0,0,0
11 Dec 2012,Detroit Pistons,Denver Nuggets,94,101,2.64,1.52,0,0,0
11 Dec 2012,Brooklyn Nets,New York Knicks,97,100,2.44,1.60,0,0,0
11 Dec 2012,Cleveland Cavaliers,Los Angeles Lakers,100,94,3.46,1.33,1,0,0
11 Dec 2012,Portland Trail Blazers,Toronto Raptors,92,74,1.71,2.19,1,0,0
11 Dec 2012,Dallas Mavericks,Sacramento Kings,119,96,1.38,3.21,1,0,0
11 Dec 2012,Houston Rockets,San Antonio Spurs,126,134,3.72,1.30,0,0,0
10 Dec 2012,Miami Heat,Atlanta Hawks,101,92,1.32,3.51,1,0,0
10 Dec 2012,Charlotte Hornets,Golden State Warriors,96,104,2.59,1.54,0,0,0
10 Dec 2012,Philadelphia 76ers,Detroit Pistons,104,97,1.41,3.05,1,0,0
10 Dec 2012,Los Angeles Lakers,Utah Jazz,110,117,1.31,3.62,0,0,0
10 Dec 2012,Phoenix Suns,Orlando Magic,90,98,1.56,2.53,0,0,0
09 Dec 2012,New York Knicks,Denver Nuggets,112,106,1.54,2.60,1,0,0
09 Dec 2012,Oklahoma City Thunder,Indiana Pacers,104,93,1.16,5.62,1,0,0
09 Dec 2012,Brooklyn Nets,Milwaukee Bucks,88,97,1.41,3.01,0,0,0
09 Dec 2012,Los Angeles Clippers,Toronto Raptors,102,83,1.12,6.64,1,0,0
09 Dec 2012,Portland Trail Blazers,Sacramento Kings,80,99,1.36,3.31,0,0,0
09 Dec 2012,Chicago Bulls,New York Knicks,93,85,2.16,1.74,1,0,0
09 Dec 2012,Houston Rockets,Dallas Mavericks,109,116,1.42,3.01,0,0,0
09 Dec 2012,Memphis Grizzlies,Atlanta Hawks,83,93,1.31,3.60,0,0,0
08 Dec 2012,Boston Celtics,Philadelphia 76ers,92,79,1.37,3.23,1,0,0
08 Dec 2012,Cleveland Cavaliers,Detroit Pistons,97,104,2.00,1.84,0,0,0
08 Dec 2012,Miami Heat,New Orleans Pelicans,106,90,1.04,13.64,1,0,0
08 Dec 2012,Charlotte Hornets,San Antonio Spurs,102,132,5.42,1.16,0,0,0
08 Dec 2012,Washington Wizards,Golden State Warriors,97,101,2.59,1.54,0,0,0
08 Dec 2012,Los Angeles Clippers,Phoenix Suns,117,99,1.13,6.24,1,0,0
08 Dec 2012,Sacramento Kings,Orlando Magic,91,82,1.68,2.26,1,0,0
08 Dec 2012,Oklahoma City Thunder,Los Angeles Lakers,114,108,1.28,3.87,1,0,0
08 Dec 2012,Utah Jazz,Toronto Raptors,131,99,1.34,3.41,1,0,0
08 Dec 2012,Milwaukee Bucks,Charlotte Hornets,108,93,1.31,3.63,1,0,0
08 Dec 2012,San Antonio Spurs,Houston Rockets,114,92,1.24,4.26,1,0,0
08 Dec 2012,Minnesota Timberwolves,Cleveland Cavaliers,91,73,1.20,4.85,1,0,0
08 Dec 2012,New Orleans Pelicans,Memphis Grizzlies,89,96,3.84,1.29,0,0,0
07 Dec 2012,Atlanta Hawks,Washington Wizards,104,95,1.20,4.95,1,0,0
07 Dec 2012,Brooklyn Nets,Golden State Warriors,102,109,1.37,3.25,0,0,0
07 Dec 2012,Detroit Pistons,Chicago Bulls,104,108,2.25,1.68,0,0,0
07 Dec 2012,Indiana Pacers,Denver Nuggets,89,92,1.81,2.04,0,0,0
07 Dec 2012,Philadelphia 76ers,Boston Celtics,95,94,2.10,1.77,1,0,0
07 Dec 2012,Phoenix Suns,Dallas Mavericks,94,97,1.59,2.46,0,0,0
07 Dec 2012,Miami Heat,New York Knicks,92,112,1.18,5.32,0,0,0
06 Dec 2012,Los Angeles Clippers,Dallas Mavericks,112,90,1.24,4.23,1,0,0
06 Dec 2012,Sacramento Kings,Toronto Raptors,107,100,1.72,2.18,1,0,0
06 Dec 2012,Utah Jazz,Orlando Magic,87,81,1.25,4.12,1,0,0
06 Dec 2012,San Antonio Spurs,Milwaukee Bucks,110,99,1.21,4.67,1,0,0
06 Dec 2012,Atlanta Hawks,Denver Nuggets,108,104,1.76,2.12,1,0,0
06 Dec 2012,Cleveland Cavaliers,Chicago Bulls,85,95,2.39,1.62,0,0,0
06 Dec 2012,New Orleans Pelicans,Los Angeles Lakers,87,103,2.69,1.50,0,0,0
05 Dec 2012,Boston Celtics,Minnesota Timberwolves,104,94,1.42,3.00,1,0,0
05 Dec 2012,Detroit Pistons,Golden State Warriors,97,104,1.87,1.96,0,0,0
05 Dec 2012,Charlotte Hornets,New York Knicks,98,100,3.72,1.30,0,0,0
05 Dec 2012,Indiana Pacers,Portland Trail Blazers,99,92,1.54,2.58,1,0,0
05 Dec 2012,Chicago Bulls,Indiana Pacers,76,80,1.57,2.50,0,0,0
05 Dec 2012,Houston Rockets,Los Angeles Lakers,107,105,1.85,1.99,1,0,0
05 Dec 2012,Memphis Grizzlies,Phoenix Suns,108,98,1.13,6.08,1,0,0
04 Dec 2012,Brooklyn Nets,Oklahoma City Thunder,111,117,2.58,1.54,0,0,0
04 Dec 2012,Philadelphia 76ers,Minnesota Timberwolves,88,105,1.66,2.31,0,0,0
04 Dec 2012,Washington Wizards,Miami Heat,105,101,6.11,1.13,1,0,0
04 Dec 2012,Golden State Warriors,Orlando Magic,94,102,1.18,5.17,0,0,0
04 Dec 2012,Denver Nuggets,Toronto Raptors,113,110,1.13,6.05,1,0,0
04 Dec 2012,Utah Jazz,Los Angeles Clippers,104,105,2.10,1.77,0,0,0
04 Dec 2012,New Orleans Pelicans,Milwaukee Bucks,102,81,2.52,1.56,1,0,0
03 Dec 2012,Detroit Pistons,Cleveland Cavaliers,89,79,1.49,2.71,1,0,0
03 Dec 2012,Charlotte Hornets,Portland Trail Blazers,112,118,1.84,2.00,0,0,0
03 Dec 2012,Los Angeles Lakers,Orlando Magic,103,113,1.06,10.07,0,0,0
02 Dec 2012,New York Knicks,Phoenix Suns,106,99,1.11,7.45,1,0,0
02 Dec 2012,Golden State Warriors,Indiana Pacers,103,92,1.53,2.61,1,0,0
02 Dec 2012,Los Angeles Clippers,Sacramento Kings,116,81,1.09,8.30,1,0,0
02 Dec 2012,Dallas Mavericks,Detroit Pistons,92,77,1.31,3.58,1,0,0
02 Dec 2012,Milwaukee Bucks,Boston Celtics,91,88,1.67,2.28,1,0,0
02 Dec 2012,San Antonio Spurs,Memphis Grizzlies,99,95,1.39,3.13,1,0,0
02 Dec 2012,Chicago Bulls,Philadelphia 76ers,93,88,1.36,3.29,1,0,0
02 Dec 2012,Houston Rockets,Utah Jazz,124,116,1.39,3.10,1,0,0
02 Dec 2012,New Orleans Pelicans,Oklahoma City Thunder,79,100,4.72,1.21,0,0,0
01 Dec 2012,Cleveland Cavaliers,Portland Trail Blazers,117,118,1.83,2.01,0,0,0
01 Dec 2012,Miami Heat,Brooklyn Nets,102,89,1.26,4.03,1,0,0
01 Dec 2012,Los Angeles Lakers,Denver Nuggets,122,103,1.45,2.88,1,0,0
01 Dec 2012,Sacramento Kings,Indiana Pacers,92,97,1.99,1.84,0,0,0
01 Dec 2012,Memphis Grizzlies,Detroit Pistons,90,78,1.12,6.40,1,0,0
01 Dec 2012,Minnesota Timberwolves,Milwaukee Bucks,95,85,1.80,2.06,1,0,0
01 Dec 2012,Oklahoma City Thunder,Utah Jazz,106,94,1.17,5.29,1,0,0
30 Nov 2012,Atlanta Hawks,Cleveland Cavaliers,111,113,1.21,4.62,0,0,0
30 Nov 2012,Boston Celtics,Portland Trail Blazers,96,78,1.51,2.65,1,0,0
30 Nov 2012,New York Knicks,Washington Wizards,108,87,1.07,9.79,1,0,0
30 Nov 2012,Charlotte Hornets,Philadelphia 76ers,98,104,2.36,1.63,0,0,0
30 Nov 2012,Orlando Magic,Brooklyn Nets,86,98,2.71,1.49,0,0,0
30 Nov 2012,Toronto Raptors,Phoenix Suns,101,97,1.68,2.25,1,0,0
30 Nov 2012,Golden State Warriors,Denver Nuggets,106,105,1.98,1.85,1,0,0
30 Nov 2012,Miami Heat,San Antonio Spurs,105,100,1.09,7.64,1,0,0
29 Nov 2012,Los Angeles Clippers,Minnesota Timberwolves,101,95,1.20,4.78,1,0,0
29 Nov 2012,Memphis Grizzlies,Toronto Raptors,103,82,1.13,6.04,1,0,0
29 Nov 2012,Chicago Bulls,Dallas Mavericks,101,78,1.37,3.22,1,0,0
29 Nov 2012,Milwaukee Bucks,New York Knicks,88,102,2.18,1.72,0,0,0
29 Nov 2012,New Orleans Pelicans,Utah Jazz,84,96,2.28,1.67,0,0,0
29 Nov 2012,Oklahoma City Thunder,Houston Rockets,120,98,1.14,5.84,1,0,0
28 Nov 2012,Atlanta Hawks,Charlotte Hornets,94,91,1.20,4.89,1,0,0
28 Nov 2012,Boston Celtics,Brooklyn Nets,83,95,1.58,2.47,0,0,0
28 Nov 2012,Detroit Pistons,Phoenix Suns,117,77,1.64,2.34,1,0,0
28 Nov 2012,Orlando Magic,San Antonio Spurs,89,110,3.80,1.29,0,0,0
28 Nov 2012,Washington Wizards,Portland Trail Blazers,84,82,2.35,1.63,1,0,0
28 Nov 2012,Los Angeles Lakers,Indiana Pacers,77,79,1.23,4.49,0,0,0
28 Nov 2012,Sacramento Kings,Minnesota Timberwolves,89,97,1.85,1.98,0,0,0
28 Nov 2012,Houston Rockets,Toronto Raptors,117,101,1.40,3.08,1,0,0
27 Nov 2012,Cleveland Cavaliers,Phoenix Suns,78,91,2.31,1.66,0,0,0
27 Nov 2012,Philadelphia 76ers,Dallas Mavericks,100,98,1.66,2.30,1,0,0
27 Nov 2012,Los Angeles Clippers,New Orleans Pelicans,98,105,1.07,9.38,0,0,0
27 Nov 2012,Utah Jazz,Denver Nuggets,105,103,1.65,2.31,1,0,0
27 Nov 2012,Chicago Bulls,Milwaukee Bucks,92,93,1.55,2.54,0,0,0
27 Nov 2012,Memphis Grizzlies,Cleveland Cavaliers,84,78,1.09,8.20,1,0,0
27 Nov 2012,Oklahoma City Thunder,Charlotte Hornets,114,69,1.09,8.23,1,0,0
26 Nov 2012,Detroit Pistons,Portland Trail Blazers,108,101,1.98,1.86,1,0,0
26 Nov 2012,Brooklyn Nets,New York Knicks,96,89,1.95,1.88,1,0,0
26 Nov 2012,Washington Wizards,San Antonio Spurs,92,118,3.47,1.33,0,0,0
26 Nov 2012,Denver Nuggets,New Orleans Pelicans,102,84,1.14,5.89,1,0,0
25 Nov 2012,Orlando Magic,Boston Celtics,110,116,2.83,1.46,0,0,0
25 Nov 2012,Philadelphia 76ers,Phoenix Suns,104,101,1.56,2.53,1,0,0
25 Nov 2012,Brooklyn Nets,Portland Trail Blazers,98,85,1.29,3.79,1,0,0
25 Nov 2012,New York Knicks,Detroit Pistons,121,100,1.11,7.20,1,0,0
25 Nov 2012,Toronto Raptors,San Antonio Spurs,106,111,3.23,1.37,0,0,0
25 Nov 2012,Golden State Warriors,Minnesota Timberwolves,96,85,1.68,2.25,1,0,0
25 Nov 2012,Sacramento Kings,Utah Jazz,108,97,1.95,1.88,1,0,0
25 Nov 2012,Milwaukee Bucks,Chicago Bulls,86,93,1.70,2.23,0,0,0
25 Nov 2012,Dallas Mavericks,Los Angeles Lakers,89,115,2.02,1.83,0,0,0
24 Nov 2012,Miami Heat,Cleveland Cavaliers,110,108,1.03,15.07,1,0,0
24 Nov 2012,Atlanta Hawks,Los Angeles Clippers,104,93,2.14,1.75,1,0,0
24 Nov 2012,Philadelphia 76ers,Oklahoma City Thunder,109,116,2.62,1.53,0,0,0
24 Nov 2012,Washington Wizards,Charlotte Hornets,106,108,1.53,2.60,0,0,0
24 Nov 2012,Portland Trail Blazers,Minnesota Timberwolves,103,95,1.79,2.10,1,0,0
24 Nov 2012,Denver Nuggets,Golden State Warriors,102,91,1.37,3.22,1,0,0
24 Nov 2012,Phoenix Suns,New Orleans Pelicans,111,108,1.43,2.94,1,0,0
24 Nov 2012,Utah Jazz,Sacramento Kings,104,102,1.20,4.80,1,0,0
24 Nov 2012,Houston Rockets,New York Knicks,131,103,2.59,1.54,1,0,0
24 Nov 2012,Indiana Pacers,San Antonio Spurs,97,104,2.69,1.50,0,0,0
24 Nov 2012,Memphis Grizzlies,Los Angeles Lakers,106,98,1.53,2.61,1,0,0
23 Nov 2012,Boston Celtics,Oklahoma City Thunder,108,100,2.28,1.67,1,0,0
23 Nov 2012,Brooklyn Nets,Los Angeles Clippers,86,76,2.29,1.66,1,0,0
23 Nov 2012,Detroit Pistons,Toronto Raptors,91,90,1.80,2.06,1,0,0
23 Nov 2012,Charlotte Hornets,Atlanta Hawks,91,101,2.42,1.61,0,0,0
23 Nov 2012,Orlando Magic,Cleveland Cavaliers,108,104,1.53,2.61,1,0,0
22 Nov 2012,Golden State Warriors,Brooklyn Nets,102,93,1.75,2.15,1,0,0
22 Nov 2012,Sacramento Kings,Los Angeles Lakers,113,97,2.99,1.42,1,0,0
22 Nov 2012,Phoenix Suns,Portland Trail Blazers,114,87,1.77,2.11,1,0,0
22 Nov 2012,Dallas Mavericks,New York Knicks,114,111,2.42,1.61,1,0,0
22 Nov 2012,Houston Rockets,Chicago Bulls,93,89,1.86,1.98,1,0,0
22 Nov 2012,Minnesota Timberwolves,Denver Nuggets,94,101,2.16,1.74,0,0,0
21 Nov 2012,Atlanta Hawks,Washington Wizards,101,100,1.17,5.51,1,0,0
21 Nov 2012,Boston Celtics,San Antonio Spurs,100,112,2.01,1.83,0,0,0
21 Nov 2012,Miami Heat,Milwaukee Bucks,113,106,1.16,5.64,1,0,0
21 Nov 2012,Oklahoma City Thunder,Los Angeles Clippers,117,111,1.58,2.48,1,0,0
21 Nov 2012,Charlotte Hornets,Toronto Raptors,98,97,1.70,2.22,1,0,0
21 Nov 2012,Cleveland Cavaliers,Philadelphia 76ers,92,83,2.60,1.54,1,0,0
21 Nov 2012,Indiana Pacers,New Orleans Pelicans,115,107,1.26,4.10,1,0,0
21 Nov 2012,Orlando Magic,Detroit Pistons,90,74,1.84,2.01,1,0,0
21 Nov 2012,Los Angeles Lakers,Brooklyn Nets,95,90,1.37,3.26,1,0,0
21 Nov 2012,New Orleans Pelicans,New York Knicks,80,102,3.72,1.30,0,0,0
20 Nov 2012,Philadelphia 76ers,Toronto Raptors,106,98,1.46,2.83,1,0,0
20 Nov 2012,Utah Jazz,Houston Rockets,102,91,1.34,3.40,1,0,0
20 Nov 2012,Dallas Mavericks,Golden State Warriors,101,105,1.43,2.95,0,0,0
20 Nov 2012,San Antonio Spurs,Los Angeles Clippers,87,92,1.54,2.58,0,0,0
20 Nov 2012,Memphis Grizzlies,Denver Nuggets,92,97,1.32,3.54,0,0,0
19 Nov 2012,Atlanta Hawks,Orlando Magic,81,72,1.14,5.91,1,0,0
19 Nov 2012,Charlotte Hornets,Milwaukee Bucks,102,98,2.72,1.49,1,0,0
19 Nov 2012,Washington Wizards,Indiana Pacers,89,96,2.32,1.65,0,0,0
19 Nov 2012,Los Angeles Lakers,Houston Rockets,119,108,1.29,3.78,1,0,0
19 Nov 2012,Portland Trail Blazers,Chicago Bulls,102,94,1.78,2.08,1,0,0
18 Nov 2012,Detroit Pistons,Boston Celtics,103,83,2.53,1.56,1,0,0
18 Nov 2012,Oklahoma City Thunder,Golden State Warriors,119,109,1.16,5.49,1,0,0
18 Nov 2012,Philadelphia 76ers,Cleveland Cavaliers,86,79,1.34,3.40,1,0,0
18 Nov 2012,Sacramento Kings,Brooklyn Nets,90,99,2.42,1.61,0,0,0
18 Nov 2012,Toronto Raptors,Orlando Magic,97,86,1.60,2.44,1,0,0
18 Nov 2012,New York Knicks,Indiana Pacers,88,76,1.31,3.66,1,0,0
18 Nov 2012,Los Angeles Clippers,Chicago Bulls,101,80,1.39,3.12,1,0,0
18 Nov 2012,Phoenix Suns,Miami Heat,88,97,3.31,1.36,0,0,0
18 Nov 2012,Milwaukee Bucks,New Orleans Pelicans,117,113,1.27,3.96,1,0,0
18 Nov 2012,San Antonio Spurs,Denver Nuggets,126,100,1.36,3.32,1,0,0
17 Nov 2012,Charlotte Hornets,Memphis Grizzlies,87,94,3.26,1.37,0,0,0
17 Nov 2012,Cleveland Cavaliers,Dallas Mavericks,95,103,1.70,2.22,0,0,0
17 Nov 2012,Washington Wizards,Utah Jazz,76,83,2.38,1.62,0,0,0
17 Nov 2012,Boston Celtics,Toronto Raptors,107,89,1.30,3.71,1,0,0
17 Nov 2012,Los Angeles Lakers,Phoenix Suns,114,102,1.19,5.11,1,0,0
17 Nov 2012,Portland Trail Blazers,Houston Rockets,119,117,1.78,2.09,1,0,0
17 Nov 2012,Sacramento Kings,Atlanta Hawks,96,112,2.08,1.78,0,0,0
17 Nov 2012,Memphis Grizzlies,New York Knicks,105,95,1.42,3.01,1,0,0
17 Nov 2012,Minnesota Timberwolves,Golden State Warriors,98,106,1.92,1.92,0,0,0
17 Nov 2012,New Orleans Pelicans,Oklahoma City Thunder,95,110,3.22,1.37,0,0,0
16 Nov 2012,Detroit Pistons,Orlando Magic,106,110,1.48,2.76,0,0,0
16 Nov 2012,Indiana Pacers,Dallas Mavericks,103,83,1.77,2.10,1,0,0
16 Nov 2012,Philadelphia 76ers,Utah Jazz,99,93,1.84,2.00,1,0,0
16 Nov 2012,Denver Nuggets,Miami Heat,93,98,1.66,2.30,0,0,0
16 Nov 2012,San Antonio Spurs,New York Knicks,100,104,1.43,2.93,0,0,0
16 Nov 2012,Brooklyn Nets,Boston Celtics,102,97,1.48,2.74,1,0,0
15 Nov 2012,Golden State Warriors,Atlanta Hawks,92,88,1.85,1.99,1,0,0
15 Nov 2012,Los Angeles Clippers,Miami Heat,107,100,2.00,1.84,1,0,0
15 Nov 2012,Phoenix Suns,Chicago Bulls,106,112,2.27,1.67,0,0,0
15 Nov 2012,Dallas Mavericks,Washington Wizards,107,101,1.25,4.17,1,0,0
15 Nov 2012,Houston Rockets,New Orleans Pelicans,100,96,1.37,3.27,1,0,0
15 Nov 2012,Milwaukee Bucks,Indiana Pacers,99,85,1.52,2.65,1,0,0
15 Nov 2012,Minnesota Timberwolves,Charlotte Hornets,87,89,1.33,3.44,0,0,0
15 Nov 2012,Oklahoma City Thunder,Memphis Grizzlies,97,107,1.44,2.90,0,0,0
14 Nov 2012,Boston Celtics,Utah Jazz,98,93,1.44,2.90,1,0,0
14 Nov 2012,Philadelphia 76ers,Detroit Pistons,76,94,1.27,3.97,0,0,0
14 Nov 2012,Los Angeles Lakers,San Antonio Spurs,82,84,1.96,1.88,0,0,0
14 Nov 2012,Sacramento Kings,Portland Trail Blazers,86,103,1.74,2.16,0,0,0
13 Nov 2012,Brooklyn Nets,Cleveland Cavaliers,114,101,1.41,3.03,1,0,0
13 Nov 2012,Charlotte Hornets,Washington Wizards,92,76,1.73,2.16,1,0,0
13 Nov 2012,Indiana Pacers,Toronto Raptors,72,74,1.19,4.96,0,0,0
13 Nov 2012,Orlando Magic,New York Knicks,89,99,3.52,1.33,0,0,0
13 Nov 2012,Portland Trail Blazers,Atlanta Hawks,87,95,1.67,2.28,0,0,0
13 Nov 2012,Phoenix Suns,Denver Nuggets,110,100,2.64,1.52,1,0,0
13 Nov 2012,Dallas Mavericks,Minnesota Timberwolves,82,90,1.33,3.48,0,0,0
13 Nov 2012,Chicago Bulls,Boston Celtics,95,101,1.69,2.24,0,0,0
13 Nov 2012,Houston Rockets,Miami Heat,110,113,3.00,1.41,0,0,0
12 Nov 2012,Detroit Pistons,Oklahoma City Thunder,90,92,3.52,1.32,0,0,0
12 Nov 2012,Philadelphia 76ers,Milwaukee Bucks,96,105,1.57,2.50,0,0,0
12 Nov 2012,Toronto Raptors,Utah Jazz,133,140,2.30,1.66,0,0,0
12 Nov 2012,Los Angeles Lakers,Sacramento Kings,103,90,1.14,5.98,1,0,0
11 Nov 2012,Oklahoma City Thunder,Cleveland Cavaliers,106,91,1.16,5.58,1,0,0
11 Nov 2012,Memphis Grizzlies,Miami Heat,104,86,2.10,1.77,1,0,0
11 Nov 2012,Los Angeles Clippers,Atlanta Hawks,89,76,1.38,3.17,1,0,0
11 Nov 2012,Brooklyn Nets,Orlando Magic,82,74,1.27,3.99,1,0,0
11 Nov 2012,Golden State Warriors,Denver Nuggets,101,107,2.17,1.73,0,0,0
11 Nov 2012,Portland Trail Blazers,San Antonio Spurs,109,112,2.31,1.66,0,0,0
11 Nov 2012,Utah Jazz,Phoenix Suns,94,81,1.24,4.31,1,0,0
11 Nov 2012,Milwaukee Bucks,Boston Celtics,92,96,1.95,1.88,0,0,0
11 Nov 2012,Chicago Bulls,Minnesota Timberwolves,87,80,1.27,3.99,1,0,0
11 Nov 2012,Houston Rockets,Detroit Pistons,96,82,1.32,3.54,1,0,0
10 Nov 2012,Charlotte Hornets,Dallas Mavericks,101,97,3.19,1.38,1,0,0
10 Nov 2012,Indiana Pacers,Washington Wizards,89,85,1.26,4.04,1,0,0
10 Nov 2012,Toronto Raptors,Philadelphia 76ers,83,93,1.71,2.20,0,0,0
10 Nov 2012,Denver Nuggets,Utah Jazz,104,84,1.43,2.94,1,0,0
10 Nov 2012,Los Angeles Lakers,Golden State Warriors,101,77,1.29,3.82,1,0,0
10 Nov 2012,Sacramento Kings,San Antonio Spurs,86,97,3.04,1.41,0,0,0
10 Nov 2012,Phoenix Suns,Cleveland Cavaliers,107,105,1.65,2.33,1,0,0
10 Nov 2012,Memphis Grizzlies,Houston Rockets,93,85,1.31,3.58,1,0,0
10 Nov 2012,Minnesota Timberwolves,Indiana Pacers,96,94,1.81,2.04,1,0,0
10 Nov 2012,New Orleans Pelicans,Charlotte Hornets,107,99,1.32,3.54,1,0,0
10 Nov 2012,Oklahoma City Thunder,Detroit Pistons,105,94,1.11,7.46,1,0,0
09 Nov 2012,Atlanta Hawks,Miami Heat,89,95,2.73,1.49,0,0,0
09 Nov 2012,Boston Celtics,Philadelphia 76ers,100,106,1.45,2.83,0,0,0
09 Nov 2012,New York Knicks,Dallas Mavericks,104,94,1.39,3.13,1,0,0
09 Nov 2012,Orlando Magic,Brooklyn Nets,68,107,2.27,1.67,0,0,0
09 Nov 2012,Washington Wizards,Milwaukee Bucks,91,101,2.37,1.62,0,0,0
09 Nov 2012,Portland Trail Blazers,Los Angeles Clippers,90,103,1.93,1.90,0,0,0
09 Nov 2012,Chicago Bulls,Oklahoma City Thunder,91,97,2.19,1.72,0,0,0
08 Nov 2012,Golden State Warriors,Cleveland Cavaliers,106,96,1.48,2.77,1,0,0
08 Nov 2012,Los Angeles Clippers,San Antonio Spurs,106,84,2.05,1.81,1,0,0
08 Nov 2012,Sacramento Kings,Detroit Pistons,105,103,1.36,3.28,1,0,0
08 Nov 2012,Utah Jazz,Los Angeles Lakers,95,86,1.70,2.22,1,0,0
08 Nov 2012,Dallas Mavericks,Toronto Raptors,109,104,1.32,3.54,1,0,0
08 Nov 2012,Houston Rockets,Denver Nuggets,87,93,1.73,2.17,0,0,0
08 Nov 2012,Milwaukee Bucks,Memphis Grizzlies,90,108,1.96,1.87,0,0,0
08 Nov 2012,Minnesota Timberwolves,Orlando Magic,90,75,1.42,2.99,1,0,0
08 Nov 2012,New Orleans Pelicans,Philadelphia 76ers,62,77,1.99,1.85,0,0,0
07 Nov 2012,Atlanta Hawks,Indiana Pacers,89,86,1.56,2.53,1,0,0
07 Nov 2012,Boston Celtics,Washington Wizards,100,94,1.15,5.85,1,0,0
07 Nov 2012,Miami Heat,Brooklyn Nets,103,73,1.13,6.28,1,0,0
07 Nov 2012,Charlotte Hornets,Phoenix Suns,110,117,2.27,1.67,0,0,0
07 Nov 2012,Denver Nuggets,Detroit Pistons,109,97,1.14,6.02,1,0,0
07 Nov 2012,Chicago Bulls,Orlando Magic,99,93,1.21,4.72,1,0,0
07 Nov 2012,Oklahoma City Thunder,Toronto Raptors,108,88,1.20,4.81,1,0,0
06 Nov 2012,Los Angeles Clippers,Cleveland Cavaliers,101,108,1.14,6.08,0,0,0
06 Nov 2012,Sacramento Kings,Golden State Warriors,94,92,1.78,2.08,1,0,0
06 Nov 2012,Dallas Mavericks,Portland Trail Blazers,114,91,1.57,2.50,1,0,0
06 Nov 2012,San Antonio Spurs,Indiana Pacers,101,79,1.23,4.42,1,0,0
06 Nov 2012,Memphis Grizzlies,Utah Jazz,103,94,1.46,2.83,1,0,0
05 Nov 2012,Brooklyn Nets,Minnesota Timberwolves,96,107,1.27,3.96,0,0,0
05 Nov 2012,Miami Heat,Phoenix Suns,124,99,1.06,10.82,1,0,0
05 Nov 2012,Philadelphia 76ers,New York Knicks,88,110,1.73,2.17,0,0,0
05 Nov 2012,Los Angeles Lakers,Detroit Pistons,108,79,1.25,4.17,1,0,0
04 Nov 2012,Oklahoma City Thunder,Atlanta Hawks,95,104,1.17,5.45,0,0,0
04 Nov 2012,Orlando Magic,Phoenix Suns,115,94,1.86,1.98,1,0,0
04 Nov 2012,Toronto Raptors,Minnesota Timberwolves,105,86,1.64,2.34,1,0,0
04 Nov 2012,New York Knicks,Philadelphia 76ers,100,84,1.59,2.45,1,0,0
04 Nov 2012,Los Angeles Clippers,Golden State Warriors,110,114,1.21,4.71,0,0,0
03 Nov 2012,Dallas Mavericks,Charlotte Hornets,126,99,1.17,5.55,1,0,0
03 Nov 2012,Milwaukee Bucks,Cleveland Cavaliers,105,102,1.33,3.43,1,0,0
03 Nov 2012,San Antonio Spurs,Utah Jazz,110,100,1.29,3.80,1,0,0
03 Nov 2012,Chicago Bulls,New Orleans Pelicans,82,89,1.16,5.56,0,0,0
03 Nov 2012,Houston Rockets,Portland Trail Blazers,85,95,1.41,3.01,0,0,0
03 Nov 2012,Brooklyn Nets,Toronto Raptors,107,100,1.42,2.96,1,0,0
03 Nov 2012,Miami Heat,Denver Nuggets,119,116,1.23,4.42,1,0,0
03 Nov 2012,Indiana Pacers,Sacramento Kings,106,98,1.28,3.82,1,0,0
03 Nov 2012,Washington Wizards,Boston Celtics,86,89,3.04,1.40,0,0,0
03 Nov 2012,Golden State Warriors,Memphis Grizzlies,94,104,1.99,1.85,0,0,0
03 Nov 2012,Los Angeles Lakers,Los Angeles Clippers,95,105,2.02,1.82,0,0,0
03 Nov 2012,Phoenix Suns,Detroit Pistons,92,89,1.51,2.65,1,0,0
02 Nov 2012,Minnesota Timberwolves,Sacramento Kings,92,80,1.64,2.34,1,0,0
02 Nov 2012,New Orleans Pelicans,Utah Jazz,88,86,2.41,1.61,1,0,0
02 Nov 2012,New York Knicks,Miami Heat,104,84,3.24,1.37,1,0,0
02 Nov 2012,Oklahoma City Thunder,Portland Trail Blazers,106,92,1.21,4.67,1,0,0
02 Nov 2012,Boston Celtics,Milwaukee Bucks,88,99,1.29,3.79,0,0,0
02 Nov 2012,Atlanta Hawks,Houston Rockets,102,109,1.45,2.85,0,0,0
02 Nov 2012,Cleveland Cavaliers,Chicago Bulls,86,115,2.29,1.66,0,0,0
02 Nov 2012,Charlotte Hornets,Indiana Pacers,90,89,3.51,1.33,1,0,0
02 Nov 2012,Orlando Magic,Denver Nuggets,102,89,3.06,1.40,1,0,0
02 Nov 2012,San Antonio Spurs,Oklahoma City Thunder,86,84,1.74,2.15,1,0,0
01 Nov 2012,Los Angeles Clippers,Memphis Grizzlies,101,92,1.57,2.49,1,0,0
01 Nov 2012,Portland Trail Blazers,Los Angeles Lakers,116,106,2.20,1.71,1,0,0
01 Nov 2012,Phoenix Suns,Golden State Warriors,85,87,1.74,2.15,0,0,0
01 Nov 2012,Utah Jazz,Dallas Mavericks,113,94,1.24,4.29,1,0,0
31 Oct 2012,Chicago Bulls,Sacramento Kings,93,87,1.35,3.34,1,0,0
31 Oct 2012,New Orleans Pelicans,San Antonio Spurs,95,99,3.57,1.32,0,0,0
31 Oct 2012,Detroit Pistons,Houston Rockets,96,105,1.72,2.19,0,0,0
31 Oct 2012,Philadelphia 76ers,Denver Nuggets,84,75,2.05,1.80,1,0,0
31 Oct 2012,Toronto Raptors,Indiana Pacers,88,90,2.05,1.80,0,0,0
31 Oct 2012,Los Angeles Lakers,Dallas Mavericks,91,99,1.21,4.79,0,0,0
30 Oct 2012,Miami Heat,Boston Celtics,120,107,1.34,3.40,1,0,0
30 Oct 2012,Cleveland Cavaliers,Washington Wizards,94,84,1.42,2.99,1,0,0
27 Oct 2012,Phoenix Suns,Denver Nuggets,88,72,1.71,2.13,1,0,1
27 Oct 2012,Dallas Mavericks,Charlotte Hornets,99,82,1.35,3.22,1,0,1
27 Oct 2012,San Antonio Spurs,Washington Wizards,100,85,1.32,3.40,1,0,1
27 Oct 2012,Memphis Grizzlies,Toronto Raptors,106,120,1.36,3.15,0,0,1
27 Oct 2012,Miami Heat,New Orleans Pelicans,89,96,1.23,4.15,0,0,1
27 Oct 2012,Milwaukee Bucks,Minnesota Timberwolves,76,100,1.60,2.34,0,0,1
26 Oct 2012,Detroit Pistons,Atlanta Hawks,104,88,1.83,1.96,1,0,1
26 Oct 2012,Chicago Bulls,Indiana Pacers,97,90,1.71,2.13,1,0,1
26 Oct 2012,Orlando Magic,Houston Rockets,92,108,2.04,1.76,0,0,1
26 Oct 2012,Denver Nuggets,Los Angeles Clippers,94,106,1.55,2.48,0,0,1
26 Oct 2012,Los Angeles Lakers,Sacramento Kings,82,94,1.60,2.32,0,0,1
26 Oct 2012,Utah Jazz,Portland Trail Blazers,97,91,1.42,2.84,1,0,1
25 Oct 2012,Charlotte Hornets,Milwaukee Bucks,90,100,2.39,1.62,0,0,1
25 Oct 2012,Los Angeles Clippers,Los Angeles Lakers,97,91,1.49,2.59,1,0,1
25 Oct 2012,Miami Heat,Washington Wizards,94,101,1.28,3.67,0,0,1
25 Oct 2012,Memphis Grizzlies,Orlando Magic,115,100,1.36,3.14,1,0,1
25 Oct 2012,Minnesota Timberwolves,Detroit Pistons,95,76,1.63,2.28,1,0,1
25 Oct 2012,New Orleans Pelicans,Houston Rockets,90,97,1.77,2.04,0,0,1
25 Oct 2012,Oklahoma City Thunder,Dallas Mavericks,88,76,1.40,2.93,1,0,1
24 Oct 2012,Brooklyn Nets,New York Knicks,95,97,1.57,2.50,0,0,1
24 Oct 2012,Golden State Warriors,Phoenix Suns,107,92,1.59,2.35,1,0,1
24 Oct 2012,Chicago Bulls,Oklahoma City Thunder,94,89,1.46,2.67,1,0,1
23 Oct 2012,Charlotte Hornets,Miami Heat,92,98,4.25,1.22,0,0,1
23 Oct 2012,Cleveland Cavaliers,Indiana Pacers,82,100,2.14,1.70,0,0,1
23 Oct 2012,Los Angeles Clippers,Golden State Warriors,88,71,1.37,3.12,1,0,1
23 Oct 2012,Phoenix Suns,Sacramento Kings,103,88,1.55,2.46,1,0,1
23 Oct 2012,Portland Trail Blazers,Utah Jazz,120,114,1.61,2.33,1,0,1
23 Oct 2012,Dallas Mavericks,New Orleans Pelicans,87,74,1.53,2.51,1,0,1
22 Oct 2012,Philadelphia 76ers,New York Knicks,98,90,1.76,2.06,1,0,1
22 Oct 2012,Toronto Raptors,Milwaukee Bucks,104,95,1.67,2.20,1,0,1
22 Oct 2012,Los Angeles Lakers,Sacramento Kings,92,99,1.43,2.80,0,0,1
22 Oct 2012,Oklahoma City Thunder,Denver Nuggets,108,101,1.50,2.60,1,0,1
21 Oct 2012,Boston Celtics,Philadelphia 76ers,79,88,1.54,2.49,0,0,1
21 Oct 2012,Orlando Magic,San Antonio Spurs,104,100,2.65,1.51,1,0,1
21 Oct 2012,Utah Jazz,Los Angeles Clippers,99,91,1.55,2.54,1,0,1
21 Oct 2012,Milwaukee Bucks,Washington Wizards,94,102,1.40,3.00,0,0,1
20 Oct 2012,Boston Celtics,New York Knicks,109,98,1.59,2.44,1,0,1
20 Oct 2012,Detroit Pistons,Charlotte Hornets,85,80,1.59,2.37,1,0,1
20 Oct 2012,Atlanta Hawks,Dallas Mavericks,110,94,1.51,2.62,1,0,1
20 Oct 2012,Indiana Pacers,Memphis Grizzlies,83,80,1.61,2.39,1,0,1
20 Oct 2012,Miami Heat,San Antonio Spurs,104,101,1.70,2.22,1,0,1
20 Oct 2012,Los Angeles Lakers,Sacramento Kings,98,103,1.41,2.96,0,0,1
20 Oct 2012,Portland Trail Blazers,Golden State Warriors,97,101,1.41,2.96,0,0,1
20 Oct 2012,Chicago Bulls,Minnesota Timberwolves,92,81,1.35,3.24,1,0,1
20 Oct 2012,Oklahoma City Thunder,Phoenix Suns,107,97,1.41,2.94,1,0,1
19 Oct 2012,Brooklyn Nets,Philadelphia 76ers,96,106,1.56,2.46,0,0,1
19 Oct 2012,Orlando Magic,Indiana Pacers,112,96,2.54,1.54,1,0,1
19 Oct 2012,Toronto Raptors,New York Knicks,107,88,2.02,1.80,1,0,1
19 Oct 2012,Brooklyn Nets,Boston Celtics,85,115,1.62,2.33,0,0,1
19 Oct 2012,Milwaukee Bucks,Memphis Grizzlies,94,97,1.56,2.47,0,0,1
18 Oct 2012,Atlanta Hawks,New Orleans Pelicans,97,68,1.52,2.59,1,0,1
18 Oct 2012,Miami Heat,Detroit Pistons,105,78,1.26,3.95,1,0,1
18 Oct 2012,Los Angeles Clippers,Utah Jazz,95,94,1.41,2.96,1,0,1
18 Oct 2012,Portland Trail Blazers,Denver Nuggets,97,80,1.61,2.34,1,0,1
18 Oct 2012,Sacramento Kings,Golden State Warriors,88,98,1.42,2.92,0,0,1
18 Oct 2012,Dallas Mavericks,Phoenix Suns,94,100,1.55,2.49,0,0,1
18 Oct 2012,Houston Rockets,Memphis Grizzlies,109,102,1.58,2.42,1,0,1
17 Oct 2012,Philadelphia 76ers,Cleveland Cavaliers,113,99,1.44,2.83,1,0,1
17 Oct 2012,Toronto Raptors,Washington Wizards,104,101,1.37,3.12,1,0,1
17 Oct 2012,Los Angeles Lakers,Utah Jazz,80,114,1.55,2.49,0,0,1
17 Oct 2012,Chicago Bulls,Milwaukee Bucks,100,94,1.54,2.55,1,0,1
17 Oct 2012,Oklahoma City Thunder,Charlotte Hornets,120,98,1.34,3.36,1,0,1
16 Oct 2012,Boston Celtics,Brooklyn Nets,96,97,1.47,2.74,0,0,1
16 Oct 2012,Detroit Pistons,Orlando Magic,112,86,1.57,2.44,1,0,1
16 Oct 2012,Indiana Pacers,Atlanta Hawks,102,98,1.62,2.33,1,0,1
16 Oct 2012,Sacramento Kings,Portland Trail Blazers,117,100,1.49,2.62,1,0,1
16 Oct 2012,Denver Nuggets,Golden State Warriors,104,98,1.44,2.77,1,0,1
16 Oct 2012,Dallas Mavericks,Houston Rockets,123,104,1.42,2.82,1,0,1
15 Oct 2012,Brooklyn Nets,Washington Wizards,98,88,1.25,3.85,1,0,1
15 Oct 2012,Cleveland Cavaliers,Orlando Magic,114,111,1.54,2.47,1,0,1
15 Oct 2012,Philadelphia 76ers,Boston Celtics,107,75,1.61,2.28,1,0,1
14 Oct 2012,Memphis Grizzlies,Atlanta Hawks,110,102,1.58,2.48,1,0,1
14 Oct 2012,Houston Rockets,San Antonio Spurs,107,116,1.74,2.15,0,0,1
14 Oct 2012,Miami Heat,Los Angeles Clippers,89,99,1.39,3.10,0,0,1
14 Oct 2012,Los Angeles Lakers,Utah Jazz,86,99,1.50,2.70,0,0,1
14 Oct 2012,Milwaukee Bucks,Detroit Pistons,108,91,1.31,3.57,1,0,1
14 Oct 2012,Minnesota Timberwolves,Chicago Bulls,82,75,2.15,1.74,1,0,1
13 Oct 2012,Boston Celtics,New York Knicks,95,98,1.54,2.56,0,0,1
13 Oct 2012,Cleveland Cavaliers,Washington Wizards,95,99,1.48,2.72,0,0,1
13 Oct 2012,Philadelphia 76ers,Brooklyn Nets,105,108,1.69,2.22,0,0,1
13 Oct 2012,Phoenix Suns,Portland Trail Blazers,104,93,1.50,2.58,1,0,1
13 Oct 2012,Utah Jazz,Oklahoma City Thunder,97,81,1.66,2.21,1,0,1
13 Oct 2012,San Antonio Spurs,Denver Nuggets,91,97,1.55,2.49,0,0,1
13 Oct 2012,Chicago Bulls,Cleveland Cavaliers,83,86,1.27,3.69,0,0,1
13 Oct 2012,Houston Rockets,New Orleans Pelicans,95,75,1.55,2.47,1,0,1
12 Oct 2012,Indiana Pacers,Minnesota Timberwolves,96,91,1.75,2.06,1,0,1
12 Oct 2012,Toronto Raptors,Detroit Pistons,82,75,1.76,2.05,1,0,1
11 Oct 2012,Charlotte Hornets,New Orleans Pelicans,87,90,2.18,1.68,0,0,1
11 Oct 2012,Orlando Magic,Philadelphia 76ers,95,102,2.04,1.78,0,0,1
11 Oct 2012,Washington Wizards,New York Knicks,101,108,2.11,1.72,0,0,1
11 Oct 2012,Los Angeles Clippers,Miami Heat,80,94,2.50,1.55,0,0,1
11 Oct 2012,Los Angeles Lakers,Portland Trail Blazers,75,93,1.41,3.03,0,0,1
11 Oct 2012,Sacramento Kings,Phoenix Suns,102,96,1.48,2.73,1,0,1
11 Oct 2012,San Antonio Spurs,Atlanta Hawks,101,99,1.48,2.72,1,0,1
11 Oct 2012,Houston Rockets,Oklahoma City Thunder,107,105,2.70,1.49,1,0,1
11 Oct 2012,Minnesota Timberwolves,Indiana Pacers,84,70,1.73,2.17,1,0,1
10 Oct 2012,Detroit Pistons,Toronto Raptors,101,99,1.47,2.74,1,0,1
10 Oct 2012,Chicago Bulls,Memphis Grizzlies,92,88,1.66,2.21,1,0,1
10 Oct 2012,New Orleans Pelicans,Charlotte Hornets,97,82,1.47,2.72,1,0,1
09 Oct 2012,Cleveland Cavaliers,Milwaukee Bucks,80,97,2.44,1.56,0,0,1
09 Oct 2012,Golden State Warriors,Utah Jazz,83,80,1.66,2.24,1,0,1
08 Oct 2012,Los Angeles Lakers,Golden State Warriors,83,110,1.43,2.90,0,0,1
07 Oct 2012,New Orleans Pelicans,Orlando Magic,85,80,1.62,2.33,1,0,1
07 Oct 2012,Atlanta Hawks,Miami Heat,92,79,2.58,1.53,1,0,1
07 Oct 2012,Charlotte Hornets,Washington Wizards,100,88,1.84,1.98,1,0,1
07 Oct 2012,Los Angeles Clippers,Denver Nuggets,104,106,1.70,2.22,0,0,1
